Date,amount
2015-01-02,1526.0
2015-01-03,1260.0
2015-01-04,1694.0
2015-01-05,1530.0
2015-01-06,1495.0
2015-01-07,1444.0
2015-01-08,521.0
2015-01-09,866.0
2015-01-10,1638.0
2015-01-11,730.0
2015-01-12,487.0
2015-01-13,1523.0
2015-01-14,1271.0
2015-01-15,530.0
2015-01-16,1732.0
2015-01-17,1169.0
2015-01-18,743.0
2015-01-19,1205.0
2015-01-20,785.0
2015-01-21,1615.0
2015-01-22,1355.0
2015-01-23,676.0
2015-01-24,1584.0
2015-01-25,859.0
2015-01-26,1737.0
2015-01-27,421.0
2015-01-28,652.0
2015-01-29,1147.0
2015-01-30,1256.0
2015-01-31,874.0
2015-02-01,1482.0
2015-02-02,910.0
2015-02-03,1099.0
2015-02-04,1375.0
2015-02-05,589.0
2015-02-06,1357.0
2015-02-07,1086.0
2015-02-08,1357.0
2015-02-09,962.0
2015-02-10,1667.0
2015-02-11,1231.0
2015-02-12,1554.0
2015-02-13,1046.0
2015-02-14,420.0
2015-02-15,1240.0
2015-02-16,566.0
2015-02-17,1697.0
2015-02-18,787.0
2015-02-19,1000.0
2015-02-20,715.0
2015-02-21,413.0
2015-02-22,641.0
2015-02-23,1176.0
2015-02-24,964.0
2015-02-25,1297.0
2015-02-26,491.0
2015-02-27,1355.0
2015-02-28,908.0
2015-03-01,1175.0
2015-03-02,434.0
2015-03-03,605.0
2015-03-04,1504.0
2015-03-05,1425.0
2015-03-06,1421.0
2015-03-07,965.0
2015-03-08,1529.0
2015-03-09,1102.0
2015-03-10,801.0
2015-03-11,1129.0
2015-03-12,561.0
2015-03-13,601.0
2015-03-14,1395.0
2015-03-15,669.0
2015-03-16,1215.0
2015-03-17,1694.0
2015-03-18,855.0
2015-03-19,1675.0
2015-03-20,1416.0
2015-03-21,695.0
2015-03-22,1119.0
2015-03-23,737.0
2015-03-24,1278.0
2015-03-25,1476.0
2015-03-26,1191.0
2015-03-27,616.0
2015-03-28,1163.0
2015-03-29,587.0
2015-03-30,779.0
2015-03-31,892.0
2015-04-01,1464.0
2015-04-02,1580.0
2015-04-03,414.0
2015-04-04,464.0
2015-04-05,920.0
2015-04-06,1552.0
2015-04-07,1047.0
2015-04-08,1486.0
2015-04-09,1562.0
2015-04-10,992.0
2015-04-11,791.0
2015-04-12,818.0
2015-04-13,688.0
2015-04-14,778.0
2015-04-15,630.0
2015-04-16,1417.0
2015-04-17,440.0
2015-04-18,1451.0
2015-04-19,534.0
2015-04-20,600.0
2015-04-21,1179.0
2015-04-22,1329.0
2015-04-23,1456.0
2015-04-24,1471.0
2015-04-25,902.0
2015-04-26,806.0
2015-04-27,1204.0
2015-04-28,498.0
2015-04-29,1083.0
2015-04-30,1125.0
2015-05-01,1360.0
2015-05-02,1012.0
2015-05-03,1042.0
2015-05-04,1428.0
2015-05-05,1641.0
2015-05-06,902.0
2015-05-07,1166.0
2015-05-08,797.0
2015-05-09,1270.0
2015-05-10,1194.0
2015-05-11,792.0
2015-05-12,606.0
2015-05-13,1438.0
2015-05-14,1291.0
2015-05-15,1263.0
2015-05-16,1142.0
2015-05-17,1664.0
2015-05-18,963.0
2015-05-19,1420.0
2015-05-20,495.0
2015-05-21,884.0
2015-05-22,630.0
2015-05-23,1148.0
2015-05-24,1594.0
2015-05-25,940.0
2015-05-26,1459.0
2015-05-27,924.0
2015-05-28,1583.0
2015-05-29,1666.0
2015-05-30,1509.0
2015-05-31,977.0
2015-06-01,1081.0
2015-06-02,956.0
2015-06-03,1412.0
2015-06-04,1045.0
2015-06-05,1195.0
2015-06-06,1451.0
2015-06-07,1654.0
2015-06-08,589.0
2015-06-09,1648.0
2015-06-10,1706.0
2015-06-11,1032.0
2015-06-12,1027.0
2015-06-13,1372.0
2015-06-14,1682.0
2015-06-15,1109.0
2015-06-16,1048.0
2015-06-17,717.0
2015-06-18,1648.0
2015-06-19,1657.0
2015-06-20,1083.0
2015-06-21,1063.0
2015-06-22,1656.0
2015-06-23,1536.0
2015-06-24,841.0
2015-06-25,963.0
2015-06-26,1691.0
2015-06-27,1536.0
2015-06-28,1351.0
2015-06-29,1504.0
2015-06-30,1098.0
2015-07-01,512.0
2015-07-02,401.0
2015-07-03,1041.0
2015-07-04,619.0
2015-07-05,1254.0
2015-07-06,1648.0
2015-07-07,784.0
2015-07-08,1553.0
2015-07-09,1476.0
2015-07-10,1129.0
2015-07-11,646.0
2015-07-12,1235.0
2015-07-13,602.0
2015-07-14,1607.0
2015-07-15,522.0
2015-07-16,800.0
2015-07-17,1166.0
2015-07-18,693.0
2015-07-19,679.0
2015-07-20,1283.0
2015-07-21,597.0
2015-07-22,1381.0
2015-07-23,1151.0
2015-07-24,543.0
2015-07-25,1008.0
2015-07-26,1624.0
2015-07-27,1547.0
2015-07-28,586.0
2015-07-29,1749.0
2015-07-30,863.0
2015-07-31,1059.0
2015-08-01,1163.0
2015-08-02,1354.0
2015-08-03,802.0
2015-08-04,546.0
2015-08-05,1571.0
2015-08-06,1263.0
2015-08-07,888.0
2015-08-08,1328.0
2015-08-09,950.0
2015-08-10,737.0
2015-08-11,1271.0
2015-08-12,1040.0
2015-08-13,872.0
2015-08-14,550.0
2015-08-15,1721.0
2015-08-16,662.0
2015-08-17,543.0
2015-08-18,745.0
2015-08-19,1023.0
2015-08-20,1416.0
2015-08-21,1280.0
2015-08-22,401.0
2015-08-23,1296.0
2015-08-24,1727.0
2015-08-25,653.0
2015-08-26,852.0
2015-08-27,1460.0
2015-08-28,1583.0
2015-08-29,1414.0
2015-08-30,408.0
2015-08-31,1656.0
2015-09-01,1522.0
2015-09-02,1215.0
2015-09-03,607.0
2015-09-04,1554.0
2015-09-05,803.0
2015-09-06,551.0
2015-09-07,453.0
2015-09-08,1543.0
2015-09-09,1027.0
2015-09-10,986.0
2015-09-11,503.0
2015-09-12,653.0
2015-09-13,1650.0
2015-09-14,1535.0
2015-09-15,909.0
2015-09-16,498.0
2015-09-17,552.0
2015-09-18,1313.0
2015-09-19,1277.0
2015-09-20,737.0
2015-09-21,1221.0
2015-09-22,1586.0
2015-09-23,1356.0
2015-09-24,560.0
2015-09-25,1200.0
2015-09-26,797.0
2015-09-27,1700.0
2015-09-28,1215.0
2015-09-29,1558.0
2015-09-30,1618.0
2015-10-01,800.0
2015-10-02,1039.0
2015-10-03,1456.0
2015-10-04,1087.0
2015-10-05,859.0
2015-10-06,1354.0
2015-10-07,869.0
2015-10-08,1445.0
2015-10-09,1149.0
2015-10-10,437.0
2015-10-11,629.0
2015-10-12,962.0
2015-10-13,837.0
2015-10-14,1706.0
2015-10-15,426.0
2015-10-16,625.0
2015-10-17,1700.0
2015-10-18,1197.0
2015-10-19,683.0
2015-10-20,1278.0
2015-10-21,1359.0
2015-10-22,852.0
2015-10-23,1419.0
2015-10-24,1215.0
2015-10-25,1058.0
2015-10-26,946.0
2015-10-27,1615.0
2015-10-28,1472.0
2015-10-29,416.0
2015-10-30,1595.0
2015-10-31,1643.0
2015-11-01,557.0
2015-11-02,876.0
2015-11-03,1469.0
2015-11-04,917.0
2015-11-05,498.0
2015-11-06,1460.0
2015-11-07,679.0
2015-11-08,896.0
2015-11-09,701.0
2015-11-10,580.0
2015-11-11,1006.0
2015-11-12,1522.0
2015-11-13,1099.0
2015-11-14,1392.0
2015-11-15,1539.0
2015-11-16,590.0
2015-11-17,652.0
2015-11-18,1380.0
2015-11-19,1327.0
2015-11-20,1584.0
2015-11-21,1679.0
2015-11-22,1746.0
2015-11-23,527.0
2015-11-24,417.0
2015-11-25,965.0
2015-11-26,969.0
2015-11-27,1746.0
2015-11-28,1085.0
2015-11-29,1025.0
2015-11-30,1711.0
2015-12-01,1253.0
2015-12-02,1361.0
2015-12-03,554.0
2015-12-04,889.0
2015-12-05,1184.0
2015-12-06,1527.0
2015-12-07,645.0
2015-12-08,1599.0
2015-12-09,1462.0
2015-12-10,1158.0
2015-12-11,937.0
2015-12-12,1320.0
2015-12-13,807.0
2015-12-14,924.0
2015-12-15,1227.0
2015-12-16,1302.0
2015-12-17,435.0
2015-12-18,1084.0
2015-12-19,419.0
2015-12-20,720.0
2015-12-21,911.0
2015-12-22,799.0
2015-12-23,1053.0
2015-12-24,1371.0
2015-12-25,870.0
2015-12-26,1566.0
2015-12-27,1515.0
2015-12-28,1233.0
2015-12-29,1126.0
2015-12-30,1253.0
2015-12-31,450.0
2016-01-01,974.0
2016-01-02,1613.0
2016-01-03,1548.0
2016-01-04,549.0
2016-01-05,713.0
2016-01-06,969.0
2016-01-07,704.0
2016-01-08,1081.0
2016-01-09,1237.0
2016-01-10,1477.0
2016-01-11,1402.0
2016-01-12,843.0
2016-01-13,1012.0
2016-01-14,1392.0
2016-01-15,663.0
2016-01-16,1476.0
2016-01-17,1403.0
2016-01-18,404.0
2016-01-19,1526.0
2016-01-20,1619.0
2016-01-21,1173.0
2016-01-22,1276.0
2016-01-23,1391.0
2016-01-24,1283.0
2016-01-25,446.0
2016-01-26,1266.0
2016-01-27,1222.0
2016-01-28,1335.0
2016-01-29,1055.0
2016-01-30,668.0
2016-01-31,769.0
2016-02-01,1035.0
2016-02-02,1529.0
2016-02-03,1056.0
2016-02-04,519.0
2016-02-05,1230.0
2016-02-06,1481.0
2016-02-07,1140.0
2016-02-08,516.0
2016-02-09,1190.0
2016-02-10,1550.0
2016-02-11,1412.0
2016-02-12,1481.0
2016-02-13,1033.0
2016-02-14,912.0
2016-02-15,1201.0
2016-02-16,1519.0
2016-02-17,1541.0
2016-02-18,959.0
2016-02-19,887.0
2016-02-20,1660.0
2016-02-21,1296.0
2016-02-22,1695.0
2016-02-23,1612.0
2016-02-24,1103.0
2016-02-25,980.0
2016-02-26,1189.0
2016-02-27,1260.0
2016-02-28,646.0
2016-02-29,1499.0
2016-03-01,553.0
2016-03-02,1396.0
2016-03-03,1509.0
2016-03-04,1096.0
2016-03-05,1708.0
2016-03-06,1643.0
2016-03-07,1492.0
2016-03-08,1470.0
2016-03-09,1408.0
2016-03-10,493.0
2016-03-11,1357.0
2016-03-12,1411.0
2016-03-13,852.0
2016-03-14,1627.0
2016-03-15,1311.0
2016-03-16,617.0
2016-03-17,873.0
2016-03-18,831.0
2016-03-19,740.0
2016-03-20,950.0
2016-03-21,1712.0
2016-03-22,1677.0
2016-03-23,756.0
2016-03-24,422.0
2016-03-25,921.0
2016-03-26,1523.0
2016-03-27,1201.0
2016-03-28,1603.0
2016-03-29,1646.0
2016-03-30,1161.0
2016-03-31,841.0
2016-04-01,1168.0
2016-04-02,1415.0
2016-04-03,1748.0
2016-04-04,915.0
2016-04-05,1439.0
2016-04-06,1191.0
2016-04-07,735.0
2016-04-08,657.0
2016-04-09,896.0
2016-04-10,1295.0
2016-04-11,559.0
2016-04-12,1251.0
2016-04-13,1089.0
2016-04-14,779.0
2016-04-15,1356.0
2016-04-16,1090.0
2016-04-17,1691.0
2016-04-18,1591.0
2016-04-19,1466.0
2016-04-20,684.0
2016-04-21,796.0
2016-04-22,411.0
2016-04-23,1725.0
2016-04-24,1676.0
2016-04-25,898.0
2016-04-26,1153.0
2016-04-27,434.0
2016-04-28,1126.0
2016-04-29,1248.0
2016-04-30,489.0
2016-05-01,1175.0
2016-05-02,1004.0
2016-05-03,1369.0
2016-05-04,1421.0
2016-05-05,817.0
2016-05-06,514.0
2016-05-07,1016.0
2016-05-08,1619.0
2016-05-09,1225.0
2016-05-10,1498.0
2016-05-11,812.0
2016-05-12,1128.0
2016-05-13,1700.0
2016-05-14,1420.0
2016-05-15,1160.0
2016-05-16,1075.0
2016-05-17,856.0
2016-05-18,1319.0
2016-05-19,591.0
2016-05-20,1138.0
2016-05-21,1522.0
2016-05-22,1377.0
2016-05-23,1408.0
2016-05-24,495.0
2016-05-25,1062.0
2016-05-26,1613.0
2016-05-27,436.0
2016-05-28,678.0
2016-05-29,616.0
2016-05-30,1266.0
2016-05-31,1272.0
2016-06-01,1696.0
2016-06-02,461.0
2016-06-03,995.0
2016-06-04,1128.0
2016-06-05,796.0
2016-06-06,1098.0
2016-06-07,1442.0
2016-06-08,576.0
2016-06-09,795.0
2016-06-10,844.0
2016-06-11,1656.0
2016-06-12,475.0
2016-06-13,664.0
2016-06-14,854.0
2016-06-15,1117.0
2016-06-16,1134.0
2016-06-17,1250.0
2016-06-18,543.0
2016-06-19,1284.0
2016-06-20,1492.0
2016-06-21,1522.0
2016-06-22,795.0
2016-06-23,1448.0
2016-06-24,1347.0
2016-06-25,1290.0
2016-06-26,1574.0
2016-06-27,1567.0
2016-06-28,968.0
2016-06-29,1462.0
2016-06-30,508.0
2016-07-01,1465.0
2016-07-02,1609.0
2016-07-03,1334.0
2016-07-04,797.0
2016-07-05,1646.0
2016-07-06,1033.0
2016-07-07,1556.0
2016-07-08,1586.0
2016-07-09,1638.0
2016-07-10,1132.0
2016-07-11,634.0
2016-07-12,1057.0
2016-07-13,1150.0
2016-07-14,987.0
2016-07-15,1432.0
2016-07-16,1497.0
2016-07-17,1353.0
2016-07-18,891.0
2016-07-19,1312.0
2016-07-20,1676.0
2016-07-21,1653.0
2016-07-22,1597.0
2016-07-23,1591.0
2016-07-24,569.0
2016-07-25,1345.0
2016-07-26,1194.0
2016-07-27,1033.0
2016-07-28,1617.0
2016-07-29,428.0
2016-07-30,1588.0
2016-07-31,738.0
2016-08-01,899.0
2016-08-02,910.0
2016-08-03,1750.0
2016-08-04,616.0
2016-08-05,1724.0
2016-08-06,1555.0
2016-08-07,1493.0
2016-08-08,1675.0
2016-08-09,844.0
2016-08-10,1275.0
2016-08-11,1605.0
2016-08-12,566.0
2016-08-13,490.0
2016-08-14,1113.0
2016-08-15,438.0
2016-08-16,1549.0
2016-08-17,572.0
2016-08-18,1052.0
2016-08-19,1153.0
2016-08-20,1643.0
2016-08-21,1481.0
2016-08-22,875.0
2016-08-23,855.0
2016-08-24,1228.0
2016-08-25,1294.0
2016-08-26,1424.0
2016-08-27,786.0
2016-08-28,747.0
2016-08-29,589.0
2016-08-30,904.0
2016-08-31,1614.0
2016-09-01,1223.0
2016-09-02,1328.0
2016-09-03,1333.0
2016-09-04,1540.0
2016-09-05,533.0
2016-09-06,457.0
2016-09-07,1084.0
2016-09-08,1071.0
2016-09-09,572.0
2016-09-10,1214.0
2016-09-11,1572.0
2016-09-12,479.0
2016-09-13,1285.0
2016-09-14,1636.0
2016-09-15,602.0
2016-09-16,1163.0
2016-09-17,1652.0
2016-09-18,1650.0
2016-09-19,446.0
2016-09-20,1656.0
2016-09-21,1728.0
2016-09-22,1566.0
2016-09-23,1682.0
2016-09-24,1055.0
2016-09-25,870.0
2016-09-26,1370.0
2016-09-27,1435.0
2016-09-28,1135.0
2016-09-29,1183.0
2016-09-30,1367.0
2016-10-01,757.0
2016-10-02,1371.0
2016-10-03,1067.0
2016-10-04,772.0
2016-10-05,1431.0
2016-10-06,1545.0
2016-10-07,1075.0
2016-10-08,489.0
2016-10-09,1097.0
2016-10-10,1739.0
2016-10-11,1601.0
2016-10-12,939.0
2016-10-13,1131.0
2016-10-14,1268.0
2016-10-15,440.0
2016-10-16,1139.0
2016-10-17,901.0
2016-10-18,1358.0
2016-10-19,1568.0
2016-10-20,1624.0
2016-10-21,1328.0
2016-10-22,860.0
2016-10-23,1131.0
2016-10-24,1151.0
2016-10-25,1324.0
2016-10-26,1308.0
2016-10-27,1676.0
2016-10-28,789.0
2016-10-29,1282.0
2016-10-30,655.0
2016-10-31,1108.0
2016-11-01,849.0
2016-11-02,409.0
2016-11-03,1223.0
2016-11-04,1197.0
2016-11-05,1665.0
2016-11-06,1674.0
2016-11-07,1276.0
2016-11-08,1428.0
2016-11-09,1542.0
2016-11-10,1415.0
2016-11-11,773.0
2016-11-12,1488.0
2016-11-13,545.0
2016-11-14,623.0
2016-11-15,1662.0
2016-11-16,576.0
2016-11-17,1252.0
2016-11-18,1705.0
2016-11-19,462.0
2016-11-20,1640.0
2016-11-21,1226.0
2016-11-22,1194.0
2016-11-23,1088.0
2016-11-24,504.0
2016-11-25,1522.0
2016-11-26,910.0
2016-11-27,784.0
2016-11-28,804.0
2016-11-29,1222.0
2016-11-30,917.0
2016-12-01,875.0
2016-12-02,1108.0
2016-12-03,1170.0
2016-12-04,1446.0
2016-12-05,1396.0
2016-12-06,1076.0
2016-12-07,1113.0
2016-12-08,482.0
2016-12-09,1568.0
2016-12-10,1508.0
2016-12-11,1501.0
2016-12-12,856.0
2016-12-13,400.0
2016-12-14,450.0
2016-12-15,1084.0
2016-12-16,1116.0
2016-12-17,848.0
2016-12-18,1280.0
2016-12-19,887.0
2016-12-20,433.0
2016-12-21,494.0
2016-12-22,1495.0
2016-12-23,553.0
2016-12-24,649.0
2016-12-25,1073.0
2016-12-26,837.0
2016-12-27,517.0
2016-12-28,1170.0
2016-12-29,1729.0
2016-12-30,667.0
2016-12-31,1477.0
2017-01-01,635.0
2017-01-02,788.0
2017-01-03,1389.0
2017-01-04,1162.0
2017-01-05,800.0
2017-01-06,1023.0
2017-01-07,1166.0
2017-01-08,1726.0
2017-01-09,1318.0
2017-01-10,1630.0
2017-01-11,1652.0
2017-01-12,1252.0
2017-01-13,977.0
2017-01-14,474.0
2017-01-15,834.0
2017-01-16,502.0
2017-01-17,1163.0
2017-01-18,1137.0
2017-01-19,1205.0
2017-01-20,1729.0
2017-01-21,497.0
2017-01-22,1197.0
2017-01-23,1258.0
2017-01-24,834.0
2017-01-25,846.0
2017-01-26,1731.0
2017-01-27,648.0
2017-01-28,565.0
2017-01-29,1383.0
2017-01-30,1419.0
2017-01-31,941.0
2017-02-01,1158.0
2017-02-02,1529.0
2017-02-03,480.0
2017-02-04,532.0
2017-02-05,1196.0
2017-02-06,1299.0
2017-02-07,537.0
2017-02-08,583.0
2017-02-09,1184.0
2017-02-10,1383.0
2017-02-11,468.0
2017-02-12,945.0
2017-02-13,452.0
2017-02-14,604.0
2017-02-15,525.0
2017-02-16,442.0
2017-02-17,510.0
2017-02-18,1160.0
2017-02-19,1606.0
2017-02-20,1247.0
2017-02-21,494.0
2017-02-22,1299.0
2017-02-23,759.0
2017-02-24,1299.0
2017-02-25,680.0
2017-02-26,1618.0
2017-02-27,1618.0
2017-02-28,1066.0
2017-03-01,492.0
2017-03-02,1071.0
2017-03-03,460.0
2017-03-04,1033.0
2017-03-05,1474.0
2017-03-06,1428.0
2017-03-07,1003.0
2017-03-08,1081.0
2017-03-09,933.0
2017-03-10,1237.0
2017-03-11,1044.0
2017-03-12,632.0
2017-03-13,923.0
2017-03-14,745.0
2017-03-15,1469.0
2017-03-16,945.0
2017-03-17,1501.0
2017-03-18,1496.0
2017-03-19,1193.0
2017-03-20,648.0
2017-03-21,446.0
2017-03-22,1544.0
2017-03-23,613.0
2017-03-24,638.0
2017-03-25,1479.0
2017-03-26,749.0
2017-03-27,506.0
2017-03-28,1230.0
2017-03-29,447.0
2017-03-30,736.0
2017-03-31,1449.0
2017-04-01,1203.0
2017-04-02,1680.0
2017-04-03,407.0
2017-04-04,1024.0
2017-04-05,1676.0
2017-04-06,1118.0
2017-04-07,702.0
2017-04-08,1038.0
2017-04-09,455.0
2017-04-10,1125.0
2017-04-11,925.0
2017-04-12,873.0
2017-04-13,427.0
2017-04-14,477.0
2017-04-15,1639.0
2017-04-16,764.0
2017-04-17,1065.0
2017-04-18,925.0
2017-04-19,1098.0
2017-04-20,1735.0
2017-04-21,1282.0
2017-04-22,1430.0
2017-04-23,1426.0
2017-04-24,1318.0
2017-04-25,1149.0
2017-04-26,762.0
2017-04-27,1697.0
2017-04-28,1205.0
2017-04-29,1138.0
2017-04-30,1438.0
2017-05-01,1615.0
2017-05-02,884.0
2017-05-03,427.0
2017-05-04,1113.0
2017-05-05,1462.0
2017-05-06,1696.0
2017-05-07,1654.0
2017-05-08,485.0
2017-05-09,525.0
2017-05-10,1211.0
2017-05-11,936.0
2017-05-12,544.0
2017-05-13,1635.0
2017-05-14,424.0
2017-05-15,466.0
2017-05-16,632.0
2017-05-17,508.0
2017-05-18,1569.0
2017-05-19,510.0
2017-05-20,627.0
2017-05-21,510.0
2017-05-22,433.0
2017-05-23,1022.0
2017-05-24,1147.0
2017-05-25,994.0
2017-05-26,824.0
2017-05-27,1012.0
2017-05-28,1091.0
2017-05-29,1705.0
2017-05-30,1743.0
2017-05-31,714.0
2017-06-01,1276.0
2017-06-02,1712.0
2017-06-03,1061.0
2017-06-04,676.0
2017-06-05,1023.0
2017-06-06,915.0
2017-06-07,1242.0
2017-06-08,749.0
2017-06-09,1222.0
2017-06-10,1560.0
2017-06-11,1158.0
2017-06-12,1298.0
2017-06-13,642.0
2017-06-14,942.0
2017-06-15,1463.0
2017-06-16,628.0
2017-06-17,947.0
2017-06-18,1319.0
2017-06-19,1646.0
2017-06-20,405.0
2017-06-21,1745.0
2017-06-22,867.0
2017-06-23,474.0
2017-06-24,403.0
2017-06-25,1045.0
2017-06-26,517.0
2017-06-27,1280.0
2017-06-28,903.0
2017-06-29,1346.0
2017-06-30,973.0
2017-07-01,593.0
2017-07-02,1246.0
2017-07-03,1114.0
2017-07-04,1449.0
2017-07-05,572.0
2017-07-06,1723.0
2017-07-07,725.0
2017-07-08,1541.0
2017-07-09,1235.0
2017-07-10,1123.0
2017-07-11,624.0
2017-07-12,931.0
2017-07-13,512.0
2017-07-14,539.0
2017-07-15,958.0
2017-07-16,400.0
2017-07-17,489.0
2017-07-18,1053.0
2017-07-19,719.0
2017-07-20,538.0
2017-07-21,1244.0
2017-07-22,658.0
2017-07-23,1301.0
2017-07-24,1089.0
2017-07-25,409.0
2017-07-26,660.0
2017-07-27,571.0
2017-07-28,1297.0
2017-07-29,412.0
2017-07-30,1591.0
2017-07-31,720.0
2017-08-01,1742.0
2017-08-02,728.0
2017-08-03,1184.0
2017-08-04,1176.0
2017-08-05,1310.0
2017-08-06,1518.0
2017-08-07,717.0
2017-08-08,635.0
2017-08-09,733.0
2017-08-10,775.0
2017-08-11,1560.0
2017-08-12,987.0
2017-08-13,912.0
2017-08-14,1719.0
2017-08-15,1743.0
2017-08-16,1317.0
2017-08-17,1272.0
2017-08-18,1652.0
2017-08-19,669.0
2017-08-20,1197.0
2017-08-21,1714.0
2017-08-22,1124.0
2017-08-23,1588.0
2017-08-24,404.0
2017-08-25,1250.0
2017-08-26,477.0
2017-08-27,973.0
2017-08-28,531.0
2017-08-29,1000.0
2017-08-30,1465.0
2017-08-31,488.0
2017-09-01,801.0
2017-09-02,695.0
2017-09-03,1718.0
2017-09-04,1015.0
2017-09-05,1199.0
2017-09-06,821.0
2017-09-07,1446.0
2017-09-08,974.0
2017-09-09,542.0
2017-09-10,1392.0
2017-09-11,1064.0
2017-09-12,544.0
2017-09-13,1648.0
2017-09-14,1406.0
2017-09-15,902.0
2017-09-16,1220.0
2017-09-17,503.0
2017-09-18,1462.0
2017-09-19,597.0
2017-09-20,978.0
2017-09-21,790.0
2017-09-22,1602.0
2017-09-23,953.0
2017-09-24,1438.0
2017-09-25,1712.0
2017-09-26,877.0
2017-09-27,1654.0
2017-09-28,1322.0
2017-09-29,819.0
2017-09-30,556.0
2017-10-01,949.0
2017-10-02,1520.0
2017-10-03,1420.0
2017-10-04,1396.0
2017-10-05,1350.0
2017-10-06,688.0
2017-10-07,1677.0
2017-10-08,595.0
2017-10-09,997.0
2017-10-10,916.0
2017-10-11,1264.0
2017-10-12,1541.0
2017-10-13,1205.0
2017-10-14,1582.0
2017-10-15,1214.0
2017-10-16,627.0
2017-10-17,615.0
2017-10-18,1347.0
2017-10-19,414.0
2017-10-20,1580.0
2017-10-21,1684.0
2017-10-22,1580.0
2017-10-23,446.0
2017-10-24,723.0
2017-10-25,1243.0
2017-10-26,529.0
2017-10-27,494.0
2017-10-28,1026.0
2017-10-29,1154.0
2017-10-30,1715.0
2017-10-31,1193.0
2017-11-01,1706.0
2017-11-02,468.0
2017-11-03,410.0
2017-11-04,1677.0
2017-11-05,1271.0
2017-11-06,949.0
2017-11-07,1557.0
2017-11-08,1111.0
2017-11-09,422.0
2017-11-10,1214.0
2017-11-11,745.0
2017-11-12,701.0
2017-11-13,762.0
2017-11-14,795.0
2017-11-15,617.0
2017-11-16,540.0
2017-11-17,1357.0
2017-11-18,1633.0
2017-11-19,1384.0
2017-11-20,1392.0
2017-11-21,1227.0
2017-11-22,1082.0
2017-11-23,1403.0
2017-11-24,755.0
2017-11-25,1407.0
2017-11-26,1747.0
2017-11-27,1556.0
2017-11-28,1287.0
2017-11-29,526.0
2017-11-30,1529.0
2017-12-01,1408.0
2017-12-02,1003.0
2017-12-03,1413.0
2017-12-04,450.0
2017-12-05,1452.0
2017-12-06,1719.0
2017-12-07,1720.0
2017-12-08,1178.0
2017-12-09,1213.0
2017-12-10,819.0
2017-12-11,1605.0
2017-12-12,1382.0
2017-12-13,1224.0
2017-12-14,1424.0
2017-12-15,966.0
2017-12-16,770.0
2017-12-17,1335.0
2017-12-18,1060.0
2017-12-19,1368.0
2017-12-20,1732.0
2017-12-21,1560.0
2017-12-22,601.0
2017-12-23,712.0
2017-12-24,516.0
2017-12-25,1336.0
2017-12-26,974.0
2017-12-27,643.0
2017-12-28,936.0
2017-12-29,474.0
2017-12-30,785.0
2017-12-31,1633.0
2018-01-01,874.0
2018-01-02,817.0
2018-01-03,746.0
2018-01-04,1039.0
2018-01-05,1338.0
2018-01-06,1354.0
2018-01-07,1275.0
2018-01-08,1162.0
2018-01-09,1602.0
2018-01-10,1605.0
2018-01-11,1063.0
2018-01-12,424.0
2018-01-13,1603.0
2018-01-14,1109.0
2018-01-15,1584.0
2018-01-16,576.0
2018-01-17,684.0
2018-01-18,462.0
2018-01-19,1402.0
2018-01-20,1061.0
2018-01-21,1065.0
2018-01-22,555.0
2018-01-23,1472.0
2018-01-24,1366.0
2018-01-25,1248.0
2018-01-26,1507.0
2018-01-27,1088.0
2018-01-28,547.0
2018-01-29,741.0
2018-01-30,875.0
2018-01-31,1486.0
2018-02-01,960.0
2018-02-02,726.0
2018-02-03,1564.0
2018-02-04,1389.0
2018-02-05,614.0
2018-02-06,834.0
2018-02-07,1351.0
2018-02-08,1122.0
2018-02-09,1741.0
2018-02-10,431.0
2018-02-11,1069.0
2018-02-12,684.0
2018-02-13,1728.0
2018-02-14,828.0
2018-02-15,685.0
2018-02-16,1567.0
2018-02-17,1442.0
2018-02-18,417.0
2018-02-19,1168.0
2018-02-20,989.0
2018-02-21,1598.0
2018-02-22,1409.0
2018-02-23,593.0
2018-02-24,901.0
2018-02-25,1387.0
2018-02-26,1536.0
2018-02-27,513.0
2018-02-28,1645.0
2018-03-01,1346.0
2018-03-02,1230.0
2018-03-03,1687.0
2018-03-04,1324.0
2018-03-05,454.0
2018-03-06,1199.0
2018-03-07,1177.0
2018-03-08,561.0
2018-03-09,486.0
2018-03-10,454.0
2018-03-11,1601.0
2018-03-12,1431.0
2018-03-13,1232.0
2018-03-14,712.0
2018-03-15,1158.0
2018-03-16,842.0
2018-03-17,727.0
2018-03-18,1477.0
2018-03-19,1160.0
2018-03-20,1662.0
2018-03-21,1652.0
2018-03-22,978.0
2018-03-23,1474.0
2018-03-24,1406.0
2018-03-25,1687.0
2018-03-26,495.0
2018-03-27,1511.0
2018-03-28,1501.0
2018-03-29,1711.0
2018-03-30,1543.0
2018-03-31,1213.0
2018-04-01,890.0
2018-04-02,851.0
2018-04-03,564.0
2018-04-04,581.0
2018-04-05,868.0
2018-04-06,1309.0
2018-04-07,1134.0
2018-04-08,1222.0
2018-04-09,1343.0
2018-04-10,406.0
2018-04-11,729.0
2018-04-12,1174.0
2018-04-13,550.0
2018-04-14,1508.0
2018-04-15,546.0
2018-04-16,1314.0
2018-04-17,1708.0
2018-04-18,1099.0
2018-04-19,481.0
2018-04-20,913.0
2018-04-21,1214.0
2018-04-22,1108.0
2018-04-23,1145.0
2018-04-24,1422.0
2018-04-25,1106.0
2018-04-26,870.0
2018-04-27,1542.0
2018-04-28,795.0
2018-04-29,660.0
2018-04-30,1204.0
2018-05-01,1333.0
2018-05-02,1679.0
2018-05-03,1304.0
2018-05-04,1649.0
2018-05-05,1476.0
2018-05-06,1339.0
2018-05-07,1253.0
2018-05-08,1703.0
2018-05-09,992.0
2018-05-10,1113.0
2018-05-11,1581.0
2018-05-12,1031.0
2018-05-13,458.0
2018-05-14,527.0
2018-05-15,1135.0
2018-05-16,1120.0
2018-05-17,1538.0
2018-05-18,1632.0
2018-05-19,925.0
2018-05-20,920.0
2018-05-21,951.0
2018-05-22,636.0
2018-05-23,1704.0
2018-05-24,1624.0
2018-05-25,1701.0
2018-05-26,1658.0
2018-05-27,893.0
2018-05-28,403.0
2018-05-29,1065.0
2018-05-30,841.0
2018-05-31,428.0
2018-06-01,1532.0
2018-06-02,1009.0
2018-06-03,1204.0
2018-06-04,474.0
2018-06-05,1237.0
2018-06-06,1569.0
2018-06-07,527.0
2018-06-08,441.0
2018-06-09,440.0
2018-06-10,1333.0
2018-06-11,433.0
2018-06-12,1440.0
2018-06-13,1576.0
2018-06-14,1397.0
2018-06-15,987.0
2018-06-16,741.0
2018-06-17,426.0
2018-06-18,1710.0
2018-06-19,1045.0
2018-06-20,1130.0
2018-06-21,567.0
2018-06-22,1009.0
2018-06-23,667.0
2018-06-24,1220.0
2018-06-25,854.0
2018-06-26,1305.0
2018-06-27,1321.0
2018-06-28,1380.0
2018-06-29,1101.0
2018-06-30,1033.0
2018-07-01,529.0
2018-07-02,1419.0
2018-07-03,1218.0
2018-07-04,1092.0
2018-07-05,1715.0
2018-07-06,1193.0
2018-07-07,428.0
2018-07-08,548.0
2018-07-09,1719.0
2018-07-10,410.0
2018-07-11,1075.0
2018-07-12,1536.0
2018-07-13,586.0
2018-07-14,1206.0
2018-07-15,1143.0
2018-07-16,1650.0
2018-07-17,1733.0
2018-07-18,497.0
2018-07-19,454.0
2018-07-20,1022.0
2018-07-21,1063.0
2018-07-22,1157.0
2018-07-23,805.0
2018-07-24,468.0
2018-07-25,1735.0
2018-07-26,1712.0
2018-07-27,1150.0
2018-07-28,1571.0
2018-07-29,1667.0
2018-07-30,1357.0
2018-07-31,764.0
2018-08-01,881.0
2018-08-02,600.0
2018-08-03,553.0
2018-08-04,472.0
2018-08-05,1112.0
2018-08-06,695.0
2018-08-07,1440.0
2018-08-08,1640.0
2018-08-09,460.0
2018-08-10,1338.0
2018-08-11,441.0
2018-08-12,424.0
2018-08-13,1462.0
2018-08-14,530.0
2018-08-15,1652.0
2018-08-16,507.0
2018-08-17,571.0
2018-08-18,501.0
2018-08-19,1265.0
2018-08-20,923.0
2018-08-21,674.0
2018-08-22,1467.0
2018-08-23,1216.0
2018-08-24,1356.0
2018-08-25,1440.0
2018-08-26,729.0
2018-08-27,411.0
2018-08-28,1741.0
2018-08-29,615.0
2018-08-30,738.0
2018-08-31,1060.0
2018-09-01,1504.0
2018-09-02,773.0
2018-09-03,1375.0
2018-09-04,1109.0
2018-09-05,1623.0
2018-09-06,865.0
2018-09-07,1512.0
2018-09-08,1691.0
2018-09-09,888.0
2018-09-10,446.0
2018-09-11,1711.0
2018-09-12,1177.0
2018-09-13,1439.0
2018-09-14,1110.0
2018-09-15,800.0
2018-09-16,1380.0
2018-09-17,1509.0
2018-09-18,649.0
2018-09-19,790.0
2018-09-20,734.0
2018-09-21,1028.0
2018-09-22,536.0
2018-09-23,1282.0
2018-09-24,1087.0
2018-09-25,1226.0
2018-09-26,1126.0
2018-09-27,993.0
2018-09-28,1646.0
2018-09-29,1389.0
2018-09-30,771.0
2018-10-01,1334.0
2018-10-02,1394.0
2018-10-03,801.0
2018-10-04,1014.0
2018-10-05,1696.0
2018-10-06,1582.0
2018-10-07,1575.0
2018-10-08,1394.0
2018-10-09,1019.0
2018-10-10,587.0
2018-10-11,1521.0
2018-10-12,530.0
2018-10-13,1204.0
2018-10-14,1594.0
2018-10-15,1335.0
2018-10-16,1385.0
2018-10-17,582.0
2018-10-18,1382.0
2018-10-19,763.0
2018-10-20,438.0
2018-10-21,896.0
2018-10-22,1381.0
2018-10-23,1320.0
2018-10-24,1121.0
2018-10-25,1584.0
2018-10-26,415.0
2018-10-27,892.0
2018-10-28,1531.0
2018-10-29,1293.0
2018-10-30,710.0
2018-10-31,1138.0
2018-11-01,1593.0
2018-11-02,945.0
2018-11-03,813.0
2018-11-04,650.0
2018-11-05,1158.0
2018-11-06,1564.0
2018-11-07,1697.0
2018-11-08,1462.0
2018-11-09,1213.0
2018-11-10,428.0
2018-11-11,1357.0
2018-11-12,876.0
2018-11-13,717.0
2018-11-14,644.0
2018-11-15,1147.0
2018-11-16,1096.0
2018-11-17,671.0
2018-11-18,1662.0
2018-11-19,776.0
2018-11-20,665.0
2018-11-21,1325.0
2018-11-22,1320.0
2018-11-23,739.0
2018-11-24,788.0
2018-11-25,976.0
2018-11-26,402.0
2018-11-27,1565.0
2018-11-28,775.0
2018-11-29,723.0
2018-11-30,545.0
2018-12-01,692.0
2018-12-02,831.0
2018-12-03,1104.0
2018-12-04,1348.0
2018-12-05,984.0
2018-12-06,798.0
2018-12-07,1216.0
2018-12-08,1363.0
2018-12-09,1563.0
2018-12-10,586.0
2018-12-11,460.0
2018-12-12,1338.0
2018-12-13,1109.0
2018-12-14,1206.0
2018-12-15,1742.0
2018-12-16,1725.0
2018-12-17,410.0
2018-12-18,1485.0
2018-12-19,625.0
2018-12-20,1576.0
2018-12-21,963.0
2018-12-22,1171.0
2018-12-23,1733.0
2018-12-24,1284.0
2018-12-25,1666.0
2018-12-26,1530.0
2018-12-27,625.0
2018-12-28,1224.0
2018-12-29,617.0
2018-12-30,1336.0
2018-12-31,1152.0
2019-01-01,905.0
2019-01-02,658.0
2019-01-03,453.0
2019-01-04,1470.0
2019-01-05,1126.0
2019-01-06,1088.0
2019-01-07,1522.0
2019-01-08,1443.0
2019-01-09,818.0
2019-01-10,1089.0
2019-01-11,1249.0
2019-01-12,461.0
2019-01-13,1568.0
2019-01-14,615.0
2019-01-15,402.0
2019-01-16,559.0
2019-01-17,1180.0
2019-01-18,1543.0
2019-01-19,1292.0
2019-01-20,1512.0
2019-01-21,728.0
2019-01-22,979.0
2019-01-23,1690.0
2019-01-24,1351.0
2019-01-25,1746.0
2019-01-26,1034.0
2019-01-27,1387.0
2019-01-28,1618.0
2019-01-29,1320.0
2019-01-30,1137.0
2019-01-31,569.0
2019-02-01,920.0
2019-02-02,439.0
2019-02-03,1684.0
2019-02-04,1354.0
2019-02-05,1649.0
2019-02-06,1383.0
2019-02-07,1547.0
2019-02-08,1374.0
2019-02-09,437.0
2019-02-10,727.0
2019-02-11,1674.0
2019-02-12,1599.0
2019-02-13,1313.0
2019-02-14,853.0
2019-02-15,436.0
2019-02-16,1739.0
2019-02-17,1372.0
2019-02-18,1195.0
2019-02-19,1372.0
2019-02-20,992.0
2019-02-21,1537.0
2019-02-22,1463.0
2019-02-23,1724.0
2019-02-24,623.0
2019-02-25,717.0
2019-02-26,748.0
2019-02-27,514.0
2019-02-28,1097.0
2019-03-01,1746.0
2019-03-02,1463.0
2019-03-03,439.0
2019-03-04,1712.0
2019-03-05,1685.0
2019-03-06,615.0
2019-03-07,1570.0
2019-03-08,735.0
2019-03-09,1591.0
2019-03-10,491.0
2019-03-11,752.0
2019-03-12,970.0
2019-03-13,1215.0
2019-03-14,1180.0
2019-03-15,762.0
2019-03-16,956.0
2019-03-17,1593.0
2019-03-18,755.0
2019-03-19,590.0
2019-03-20,821.0
2019-03-21,1099.0
2019-03-22,406.0
2019-03-23,532.0
2019-03-24,956.0
2019-03-25,1225.0
2019-03-26,1160.0
2019-03-27,1454.0
2019-03-28,934.0
2019-03-29,825.0
2019-03-30,1071.0
2019-03-31,762.0
2019-04-01,481.0
2019-04-02,755.0
2019-04-03,1681.0
2019-04-04,988.0
2019-04-05,694.0
2019-04-06,1647.0
2019-04-07,1469.0
2019-04-08,1536.0
2019-04-09,1656.0
2019-04-10,416.0
2019-04-11,759.0
2019-04-12,1646.0
2019-04-13,1265.0
2019-04-14,1099.0
2019-04-15,847.0
2019-04-16,1255.0
2019-04-17,764.0
2019-04-18,1074.0
2019-04-19,1407.0
2019-04-20,1749.0
2019-04-21,866.0
2019-04-22,813.0
2019-04-23,985.0
2019-04-24,1656.0
2019-04-25,1647.0
2019-04-26,1393.0
2019-04-27,971.0
2019-04-28,734.0
2019-04-29,1645.0
2019-04-30,436.0
2019-05-01,1388.0
2019-05-02,677.0
2019-05-03,1619.0
2019-05-04,1315.0
2019-05-05,883.0
2019-05-06,1665.0
2019-05-07,1747.0
2019-05-08,1130.0
2019-05-09,591.0
2019-05-10,1440.0
2019-05-11,923.0
2019-05-12,1317.0
2019-05-13,800.0
2019-05-14,1285.0
2019-05-15,1104.0
2019-05-16,421.0
2019-05-17,873.0
2019-05-18,1543.0
2019-05-19,609.0
2019-05-20,705.0
2019-05-21,1693.0
2019-05-22,1103.0
2019-05-23,1086.0
2019-05-24,684.0
2019-05-25,1115.0
2019-05-26,1162.0
2019-05-27,1650.0
2019-05-28,1347.0
2019-05-29,780.0
2019-05-30,859.0
2019-05-31,1430.0
2019-06-01,428.0
2019-06-02,1306.0
2019-06-03,1456.0
2019-06-04,1278.0
2019-06-05,478.0
2019-06-06,1346.0
2019-06-07,858.0
2019-06-08,969.0
2019-06-09,1137.0
2019-06-10,1708.0
2019-06-11,915.0
2019-06-12,1522.0
2019-06-13,796.0
2019-06-14,438.0
2019-06-15,1694.0
2019-06-16,1286.0
2019-06-17,1196.0
2019-06-18,556.0
2019-06-19,1498.0
2019-06-20,1283.0
2019-06-21,1553.0
2019-06-22,1373.0
2019-06-23,1507.0
2019-06-24,1445.0
2019-06-25,1248.0
2019-06-26,1147.0
2019-06-27,1388.0
2019-06-28,420.0
2019-06-29,702.0
2019-06-30,1268.0
2019-07-01,483.0
2019-07-02,1680.0
2019-07-03,969.0
2019-07-04,1333.0
2019-07-05,1585.0
2019-07-06,1586.0
2019-07-07,1408.0
2019-07-08,1192.0
2019-07-09,1191.0
2019-07-10,1694.0
2019-07-11,891.0
2019-07-12,607.0
2019-07-13,1483.0
2019-07-14,829.0
2019-07-15,1384.0
2019-07-16,1732.0
2019-07-17,919.0
2019-07-18,990.0
2019-07-19,1450.0
2019-07-20,598.0
2019-07-21,786.0
2019-07-22,748.0
2019-07-23,1359.0
2019-07-24,1092.0
2019-07-25,777.0
2019-07-26,1298.0
2019-07-27,1315.0
2019-07-28,926.0
2019-07-29,1576.0
2019-07-30,1133.0
2019-07-31,605.0
2019-08-01,854.0
2019-08-02,1696.0
2019-08-03,1659.0
2019-08-04,920.0
2019-08-05,1416.0
2019-08-06,1355.0
2019-08-07,1125.0
2019-08-08,1413.0
2019-08-09,900.0
2019-08-10,516.0
2019-08-11,785.0
2019-08-12,983.0
2019-08-13,794.0
2019-08-14,1487.0
2019-08-15,1120.0
2019-08-16,471.0
2019-08-17,673.0
2019-08-18,1743.0
2019-08-19,737.0
2019-08-20,1006.0
2019-08-21,565.0
2019-08-22,410.0
2019-08-23,1724.0
2019-08-24,1128.0
2019-08-25,1200.0
2019-08-26,501.0
2019-08-27,1178.0
2019-08-28,613.0
2019-08-29,1511.0
2019-08-30,800.0
2019-08-31,987.0
2019-09-01,1288.0
2019-09-02,1469.0
2019-09-03,991.0
2019-09-04,1733.0
2019-09-05,1509.0
2019-09-06,491.0
2019-09-07,1072.0
2019-09-08,1113.0
2019-09-09,1335.0
2019-09-10,641.0
2019-09-11,401.0
2019-09-12,624.0
2019-09-13,1200.0
2019-09-14,988.0
2019-09-15,515.0
2019-09-16,1317.0
2019-09-17,1526.0
2019-09-18,593.0
2019-09-19,1589.0
2019-09-20,1270.0
2019-09-21,489.0
2019-09-22,521.0
2019-09-23,542.0
2019-09-24,1393.0
2019-09-25,505.0
2019-09-26,1286.0
2019-09-27,827.0
2019-09-28,1728.0
2019-09-29,716.0
2019-09-30,1034.0
2019-10-01,408.0
2019-10-02,1173.0
2019-10-03,1496.0
2019-10-04,622.0
2019-10-05,952.0
2019-10-06,1115.0
2019-10-07,1687.0
2019-10-08,1741.0
2019-10-09,1507.0
2019-10-10,1741.0
2019-10-11,510.0
2019-10-12,650.0
2019-10-13,782.0
2019-10-14,406.0
2019-10-15,858.0
2019-10-16,1507.0
2019-10-17,607.0
2019-10-18,1299.0
2019-10-19,1737.0
2019-10-20,421.0
2019-10-21,809.0
2019-10-22,1294.0
2019-10-23,914.0
2019-10-24,1550.0
2019-10-25,1208.0
2019-10-26,1273.0
2019-10-27,413.0
2019-10-28,1370.0
2019-10-29,1377.0
2019-10-30,1413.0
2019-10-31,1435.0
2019-11-01,486.0
2019-11-02,1308.0
2019-11-03,1724.0
2019-11-04,1666.0
2019-11-05,521.0
2019-11-06,1570.0
2019-11-07,1149.0
2019-11-08,1084.0
2019-11-09,708.0
2019-11-10,1094.0
2019-11-11,687.0
2019-11-12,706.0
2019-11-13,1313.0
2019-11-14,1061.0
2019-11-15,948.0
2019-11-16,711.0
2019-11-17,1272.0
2019-11-18,1482.0
2019-11-19,1323.0
2019-11-20,1154.0
2019-11-21,434.0
2019-11-22,844.0
2019-11-23,492.0
2019-11-24,1630.0
2019-11-25,752.0
2019-11-26,1302.0
2019-11-27,1261.0
2019-11-28,558.0
2019-11-29,1356.0
2019-11-30,423.0
2019-12-01,803.0
2019-12-02,1204.0
2019-12-03,915.0
2019-12-04,1131.0
2019-12-05,931.0
2019-12-06,1355.0
2019-12-07,551.0
2019-12-08,1346.0
2019-12-09,1007.0
2019-12-10,819.0
2019-12-11,1673.0
2019-12-12,1540.0
2019-12-13,1265.0
2019-12-14,977.0
2019-12-15,734.0
2019-12-16,1331.0
2019-12-17,694.0
2019-12-18,1154.0
2019-12-19,585.0
2019-12-20,1669.0
2019-12-21,1036.0
2019-12-22,1691.0
2019-12-23,1660.0
2019-12-24,929.0
2019-12-25,420.0
2019-12-26,1310.0
2019-12-27,1266.0
2019-12-28,1193.0
2019-12-29,499.0
2019-12-30,1151.0
2019-12-31,877.0
2020-01-01,1721.0
2020-01-02,1475.58
2020-01-03,1526.0
2020-01-04,1185.08
2020-01-05,1260.0
2020-01-06,1694.0
2020-01-07,1530.0
2020-01-08,1495.0
2020-01-09,1444.0
2020-01-10,521.0
2020-01-11,866.0
2020-01-12,1638.0
2020-01-13,1126.88
2020-01-14,448.68
2020-01-15,730.0
2020-01-16,487.0
2020-01-17,1523.0
2020-01-18,1520.03
2020-01-19,1271.0
2020-01-20,530.0
2020-01-21,1914.85
2020-01-22,1732.0
2020-01-23,1169.0
2020-01-24,743.0
2020-01-25,1977.47
2020-01-26,1077.09
2020-01-27,1205.0
2020-01-28,785.0
2020-01-29,166.81
2020-01-30,1158.93
2020-01-31,3601.16
2020-02-01,1615.0
2020-02-02,333.68
2020-02-03,1355.0
2020-02-04,1406.62
2020-02-05,1222.17
2020-02-06,676.0
2020-02-07,3351.53
2020-02-08,465.81
2020-02-09,1827.14
2020-02-10,1584.0
2020-02-11,433.13
2020-02-12,859.0
2020-02-13,294.31
2020-02-14,1737.0
2020-02-15,421.0
2020-02-16,1754.33
2020-02-17,652.0
2020-02-18,1147.0
2020-02-19,1256.0
2020-02-20,769.42
2020-02-21,874.0
2020-02-22,1482.0
2020-02-23,910.0
2020-02-24,1099.0
2020-02-25,1375.0
2020-02-26,1942.45
2020-02-27,1363.76
2020-02-28,589.0
2020-02-29,1944.06
2020-03-01,1357.0
2020-03-02,1086.0
2020-03-03,1742.33
2020-03-04,1516.0500000000002
2020-03-05,1357.0
2020-03-06,962.0
2020-03-07,1667.0
2020-03-08,1231.0
2020-03-09,2345.42
2020-03-10,1554.0
2020-03-11,2136.64
2020-03-12,802.96
2020-03-13,1046.0
2020-03-14,1929.08
2020-03-15,1428.77
2020-03-16,420.0
2020-03-17,1240.0
2020-03-18,881.82
2020-03-19,566.0
2020-03-20,1697.0
2020-03-21,503.33
2020-03-22,787.0
2020-03-23,151.28
2020-03-24,144.13
2020-03-25,1000.0
2020-03-26,715.0
2020-03-27,413.0
2020-03-28,641.0
2020-03-29,1176.0
2020-03-30,964.0
2020-03-31,1297.0
2020-04-01,1341.27
2020-04-02,491.0
2020-04-03,1355.0
2020-04-04,908.0
2020-04-05,1449.47
2020-04-06,882.48
2020-04-07,1175.0
2020-04-08,434.0
2020-04-09,605.0
2020-04-10,1504.0
2020-04-11,1425.0
2020-04-12,1421.0
2020-04-13,965.0
2020-04-14,1529.0
2020-04-15,1102.0
2020-04-16,801.0
2020-04-17,1729.04
2020-04-18,1603.18
2020-04-19,1129.0
2020-04-20,561.0
2020-04-21,601.0
2020-04-22,1395.0
2020-04-23,849.54
2020-04-24,669.0
2020-04-25,1750.23
2020-04-26,1938.3
2020-04-27,2071.61
2020-04-28,1215.0
2020-04-29,764.16
2020-04-30,1853.77
2020-05-01,851.78
2020-05-02,1694.0
2020-05-03,1480.62
2020-05-04,855.0
2020-05-05,123.76
2020-05-06,269.55
2020-05-07,1675.0
2020-05-08,1416.0
2020-05-09,695.0
2020-05-10,1119.0
2020-05-11,737.0
2020-05-12,1318.17
2020-05-13,1870.07
2020-05-14,484.99
2020-05-15,919.88
2020-05-16,28.54
2020-05-17,155.79
2020-05-18,1278.0
2020-05-19,273.59
2020-05-20,1759.75
2020-05-21,881.99
2020-05-22,1476.0
2020-05-23,1191.0
2020-05-24,616.0
2020-05-25,1227.24
2020-05-26,1163.0
2020-05-27,1339.05
2020-05-28,1878.47
2020-05-29,587.0
2020-05-30,551.97
2020-05-31,1430.92
2020-06-01,193.67
2020-06-02,97.73
2020-06-03,779.0
2020-06-04,892.0
2020-06-05,1277.86
2020-06-06,1107.84
2020-06-07,232.63
2020-06-08,1095.72
2020-06-09,865.28
2020-06-10,2929.74
2020-06-11,3678.51
2020-06-12,1764.02
2020-06-13,1464.0
2020-06-14,1580.0
2020-06-15,540.94
2020-06-16,414.0
2020-06-17,464.0
2020-06-18,771.26
2020-06-19,1116.8600000000001
2020-06-20,920.0
2020-06-21,2587.8599999999997
2020-06-22,86.13
2020-06-23,1552.0
2020-06-24,1459.8
2020-06-25,1047.0
2020-06-26,1486.0
2020-06-27,1562.0
2020-06-28,992.0
2020-06-29,791.0
2020-06-30,874.87
2020-07-01,818.0
2020-07-02,734.8
2020-07-03,688.0
2020-07-04,1442.31
2020-07-05,1337.12
2020-07-06,1113.28
2020-07-07,778.0
2020-07-08,818.09
2020-07-09,630.0
2020-07-10,1417.0
2020-07-11,580.96
2020-07-12,1962.5700000000002
2020-07-13,1321.11
2020-07-14,440.0
2020-07-15,1451.0
2020-07-16,534.0
2020-07-17,195.84
2020-07-18,600.0
2020-07-19,1179.0
2020-07-20,1348.86
2020-07-21,303.23
2020-07-22,3721.4300000000003
2020-07-23,1559.06
2020-07-24,109.93
2020-07-25,1329.0
2020-07-26,1456.0
2020-07-27,1471.0
2020-07-28,2818.94
2020-07-29,1662.83
2020-07-30,1489.87
2020-07-31,1506.04
2020-08-01,2090.42
2020-08-02,1787.12
2020-08-03,902.0
2020-08-04,1549.68
2020-08-05,3525.53
2020-08-06,959.19
2020-08-07,806.0
2020-08-08,2590.48
2020-08-09,981.58
2020-08-10,1204.0
2020-08-11,498.0
2020-08-12,1083.0
2020-08-13,67.76
2020-08-14,1451.12
2020-08-15,1125.0
2020-08-16,1961.64
2020-08-17,1187.87
2020-08-18,1289.07
2020-08-19,1360.0
2020-08-20,1012.0
2020-08-21,2188.13
2020-08-22,3671.29
2020-08-23,1042.0
2020-08-24,1428.0
2020-08-25,1641.0
2020-08-26,1564.65
2020-08-27,1899.73
2020-08-28,902.0
2020-08-29,1342.22
2020-08-30,935.42
2020-08-31,343.9
2020-09-01,1557.81
2020-09-02,1166.0
2020-09-03,797.0
2020-09-04,1270.0
2020-09-05,1155.84
2020-09-06,799.34
2020-09-07,1188.27
2020-09-08,212.78
2020-09-09,1194.0
2020-09-10,792.0
2020-09-11,2442.65
2020-09-12,606.0
2020-09-13,1438.0
2020-09-14,1291.0
2020-09-15,1263.0
2020-09-16,1700.66
2020-09-17,2290.25
2020-09-18,2170.77
2020-09-19,1142.0
2020-09-20,1664.0
2020-09-21,963.0
2020-09-22,2360.46
2020-09-23,1047.33
2020-09-24,1420.0
2020-09-25,687.27
2020-09-26,495.0
2020-09-27,2411.19
2020-09-28,884.0
2020-09-29,1295.35
2020-09-30,195.18
2020-10-01,619.35
2020-10-02,630.0
2020-10-03,1111.41
2020-10-04,710.1
2020-10-05,1148.0
2020-10-06,1594.0
2020-10-07,510.29
2020-10-08,2521.45
2020-10-09,940.0
2020-10-10,462.69
2020-10-11,1459.0
2020-10-12,1279.36
2020-10-13,924.0
2020-10-14,1746.71
2020-10-15,962.64
2020-10-16,3316.71
2020-10-17,1583.0
2020-10-18,306.9
2020-10-19,179.51
2020-10-20,1666.0
2020-10-21,1509.0
2020-10-22,977.0
2020-10-23,1216.57
2020-10-24,1553.63
2020-10-25,1081.0
2020-10-26,601.73
2020-10-27,3050.06
2020-10-28,956.0
2020-10-29,15.32
2020-10-30,589.61
2020-10-31,1408.95
2020-11-01,2704.6099999999997
2020-11-02,1817.74
2020-11-03,1412.0
2020-11-04,128.68
2020-11-05,1045.0
2020-11-06,883.92
2020-11-07,1402.47
2020-11-08,1195.0
2020-11-09,881.14
2020-11-10,1663.46
2020-11-11,1451.0
2020-11-12,3155.88
2020-11-13,1654.0
2020-11-14,3929.16
2020-11-15,1994.85
2020-11-16,1155.78
2020-11-17,1318.74
2020-11-18,589.0
2020-11-19,1648.0
2020-11-20,117.87
2020-11-21,1706.0
2020-11-22,1254.56
2020-11-23,541.44
2020-11-24,1032.0
2020-11-25,251.64
2020-11-26,1422.47
2020-11-27,1108.98
2020-11-28,1027.0
2020-11-29,1001.77
2020-11-30,1372.0
2020-12-01,836.83
2020-12-02,1682.0
2020-12-03,1109.0
2020-12-04,1048.0
2020-12-05,884.3299999999999
2020-12-06,1729.41
2020-12-07,717.0
2020-12-08,1648.0
2020-12-09,1657.0
2020-12-10,2329.2400000000002
2020-12-11,1676.58
2020-12-12,1731.87
2020-12-13,696.8
2020-12-14,2877.88
2020-12-15,1083.0
2020-12-16,1896.2599999999998
2020-12-17,1063.0
2020-12-18,995.7
2020-12-19,1656.0
2020-12-20,1656.0900000000001
2020-12-21,1536.0
2020-12-22,158.91
2020-12-23,2388.75
2020-12-24,1908.74
2020-12-25,1746.04
2020-12-26,841.0
2020-12-27,963.0
2020-12-28,1994.88
2020-12-29,1691.0
2020-12-30,1956.89
2020-12-31,892.92
2021-01-01,101.52
2021-01-02,1536.0
2021-01-03,1351.0
2021-01-04,1504.0
2021-01-05,1098.0
2021-01-06,1790.3600000000001
2021-01-07,512.0
2021-01-08,348.27
2021-01-09,401.0
2021-01-10,472.06
2021-01-11,518.1
2021-01-12,1041.0
2021-01-13,1438.48
2021-01-14,2627.2400000000002
2021-01-15,53.66
2021-01-16,619.0
2021-01-17,2378.3500000000004
2021-01-18,1254.0
2021-01-19,1553.72
2021-01-20,445.82
2021-01-21,1648.0
2021-01-22,784.0
2021-01-23,1553.0
2021-01-24,1476.0
2021-01-25,1129.0
2021-01-26,624.78
2021-01-27,2943.38
2021-01-28,646.0
2021-01-29,521.37
2021-01-30,1235.0
2021-01-31,602.0
2021-02-01,1607.0
2021-02-02,1935.09
2021-02-03,522.0
2021-02-04,800.0
2021-02-05,1900.5300000000002
2021-02-06,1166.0
2021-02-07,693.0
2021-02-08,2124.5699999999997
2021-02-09,2251.05
2021-02-10,679.0
2021-02-11,1468.5100000000002
2021-02-12,1283.0
2021-02-13,1831.36
2021-02-14,597.0
2021-02-15,1381.0
2021-02-16,1274.45
2021-02-17,1151.0
2021-02-18,1301.99
2021-02-19,543.0
2021-02-20,241.08
2021-02-21,783.41
2021-02-22,1008.0
2021-02-23,1178.81
2021-02-24,1313.29
2021-02-25,1624.0
2021-02-26,1547.0
2021-02-27,1878.72
2021-02-28,442.37
2021-03-01,586.0
2021-03-02,1842.84
2021-03-03,1749.0
2021-03-04,1898.53
2021-03-05,1439.5600000000002
2021-03-06,863.0
2021-03-07,2752.99
2021-03-08,663.83
2021-03-09,1975.18
2021-03-10,228.75
2021-03-11,1059.0
2021-03-12,39.57
2021-03-13,1163.0
2021-03-14,1354.0
2021-03-15,1181.82
2021-03-16,802.0
2021-03-17,1031.34
2021-03-18,921.5
2021-03-19,1997.19
2021-03-20,1375.33
2021-03-21,156.25
2021-03-22,912.89
2021-03-23,1588.26
2021-03-24,833.49
2021-03-25,837.82
2021-03-26,546.0
2021-03-27,1907.65
2021-03-28,143.6
2021-03-29,869.43
2021-03-30,1625.42
2021-03-31,1571.0
2021-04-01,1343.33
2021-04-02,1737.5
2021-04-03,2229.46
2021-04-04,1263.0
2021-04-05,888.0
2021-04-06,1328.0
2021-04-07,950.0
2021-04-08,3219.45
2021-04-09,1221.9
2021-04-10,737.0
2021-04-11,1911.48
2021-04-12,1741.03
2021-04-13,148.47
2021-04-14,1271.0
2021-04-15,1040.0
2021-04-16,872.0
2021-04-17,550.0
2021-04-18,192.6
2021-04-19,3243.48
2021-04-20,1721.0
2021-04-21,976.47
2021-04-22,662.0
2021-04-23,1304.51
2021-04-24,1058.6
2021-04-25,543.0
2021-04-26,745.0
2021-04-27,2744.05
2021-04-28,1023.0
2021-04-29,1416.0
2021-04-30,25.38
2021-05-01,1280.0
2021-05-02,267.08
2021-05-03,401.0
2021-05-04,1158.95
2021-05-05,1296.0
2021-05-06,878.08
2021-05-07,3963.51
2021-05-08,1727.0
2021-05-09,653.0
2021-05-10,1604.63
2021-05-11,1062.38
2021-05-12,797.58
2021-05-13,852.0
2021-05-14,1476.79
2021-05-15,1460.0
2021-05-16,1583.0
2021-05-17,480.18
2021-05-18,1414.0
2021-05-19,408.0
2021-05-20,1656.0
2021-05-21,1522.0
2021-05-22,362.52
2021-05-23,933.27
2021-05-24,3980.44
2021-05-25,2614.3
2021-05-26,1215.0
2021-05-27,247.53
2021-05-28,607.0
2021-05-29,1233.87
2021-05-30,1164.86
2021-05-31,1554.81
2021-06-01,1554.0
2021-06-02,3880.8199999999997
2021-06-03,803.0
2021-06-04,551.0
2021-06-05,453.0
2021-06-06,3539.67
2021-06-07,1543.0
2021-06-08,1027.0
2021-06-09,1580.56
2021-06-10,986.0
2021-06-11,1241.5300000000002
2021-06-12,503.0
2021-06-13,653.0
2021-06-14,673.39
2021-06-15,1834.33
2021-06-16,266.61
2021-06-17,1650.0
2021-06-18,1535.0
2021-06-19,909.0
2021-06-20,2254.31
2021-06-21,498.0
2021-06-22,1295.59
2021-06-23,46.28
2021-06-24,690.05
2021-06-25,552.0
2021-06-26,460.82
2021-06-27,1313.0
2021-06-28,3546.06
2021-06-29,827.61
2021-06-30,1277.0
2021-07-01,737.0
2021-07-02,1221.0
2021-07-03,1586.0
2021-07-04,4224.06
2021-07-05,1356.0
2021-07-06,560.0
2021-07-07,1010.78
2021-07-08,1200.0
2021-07-09,3382.88
2021-07-10,1425.69
2021-07-11,1673.94
2021-07-12,1770.41
2021-07-13,115.98
2021-07-14,778.47
2021-07-15,797.0
2021-07-16,1700.0
2021-07-17,1215.0
2021-07-18,1558.0
2021-07-19,1963.78
2021-07-20,1618.0
2021-07-21,800.0
2021-07-22,1039.0
2021-07-23,1395.18
2021-07-24,47.82
2021-07-25,1456.0
2021-07-26,1087.0
2021-07-27,859.0
2021-07-28,1102.12
2021-07-29,231.26
2021-07-30,1354.0
2021-07-31,869.0
2021-08-01,1445.0
2021-08-02,252.48
2021-08-03,1149.0
2021-08-04,437.0
2021-08-05,629.0
2021-08-06,134.99
2021-08-07,1197.51
2021-08-08,1233.47
2021-08-09,382.75
2021-08-10,962.0
2021-08-11,144.68
2021-08-12,837.0
2021-08-13,2749.27
2021-08-14,1706.0
2021-08-15,720.62
2021-08-16,426.0
2021-08-17,625.0
2021-08-18,275.49
2021-08-19,1700.0
2021-08-20,1628.88
2021-08-21,135.57
2021-08-22,83.6
2021-08-23,1772.72
2021-08-24,1035.61
2021-08-25,514.09
2021-08-26,1197.0
2021-08-27,579.36
2021-08-28,683.0
2021-08-29,1732.94
2021-08-30,1278.0
2021-08-31,1359.0
2021-09-01,852.0
2021-09-02,1419.0
2021-09-03,1215.0
2021-09-04,1058.0
2021-09-05,1600.69
2021-09-06,1489.18
2021-09-07,946.0
2021-09-08,1615.0
2021-09-09,2288.96
2021-09-10,866.91
2021-09-11,3676.85
2021-09-12,1472.0
2021-09-13,416.0
2021-09-14,1595.0
2021-09-15,1643.0
2021-09-16,1190.37
2021-09-17,1906.05
2021-09-18,557.0
2021-09-19,3028.08
2021-09-20,506.73
2021-09-21,876.0
2021-09-22,1469.0
2021-09-23,917.0
2021-09-24,498.0
2021-09-25,1460.0
2021-09-26,679.0
2021-09-27,896.0
2021-09-28,530.94
2021-09-29,701.0
2021-09-30,580.0
2021-10-01,437.0
2021-10-02,1006.0
2021-10-03,1522.0
2021-10-04,1099.0
2021-10-05,1392.0
2021-10-06,1539.0
2021-10-07,408.35
2021-10-08,590.0
2021-10-09,652.0
2021-10-10,1380.0
2021-10-11,1327.0
2021-10-12,1584.0
2021-10-13,3122.75
2021-10-14,1679.0
2021-10-15,1746.0
2021-10-16,1589.46
2021-10-17,527.0
2021-10-18,417.0
2021-10-19,965.0
2021-10-20,1970.41
2021-10-21,1582.84
2021-10-22,969.0
2021-10-23,1746.0
2021-10-24,1227.78
2021-10-25,1085.0
2021-10-26,1025.0
2021-10-27,1315.5300000000002
2021-10-28,1711.0
2021-10-29,1253.0
2021-10-30,905.45
2021-10-31,1361.0
2021-11-01,554.0
2021-11-02,889.0
2021-11-03,265.39
2021-11-04,1537.89
2021-11-05,337.67
2021-11-06,698.59
2021-11-07,1693.41
2021-11-08,1184.0
2021-11-09,1527.0
2021-11-10,259.09
2021-11-11,645.0
2021-11-12,1599.0
2021-11-13,1462.0
2021-11-14,1158.0
2021-11-15,1010.12
2021-11-16,937.0
2021-11-17,1686.63
2021-11-18,1477.38
2021-11-19,1240.04
2021-11-20,1320.0
2021-11-21,601.89
2021-11-22,807.0
2021-11-23,934.24
2021-11-24,924.0
2021-11-25,1227.0
2021-11-26,632.04
2021-11-27,1950.99
2021-11-28,1302.0
2021-11-29,435.0
2021-11-30,1084.0
2021-12-01,491.06
2021-12-02,419.0
2021-12-03,504.06
2021-12-04,720.0
2021-12-05,911.0
2021-12-06,799.0
2021-12-07,1053.0
2021-12-08,1628.82
2021-12-09,387.77
2021-12-10,1371.0
2021-12-11,56.12
2021-12-12,1933.71
2021-12-13,685.47
2021-12-14,870.0
2021-12-15,1566.0
2021-12-16,100.03
2021-12-17,1515.0
2021-12-18,1233.0
2021-12-19,1126.0
2021-12-20,2431.2
2021-12-21,1253.0
2021-12-22,450.0
2021-12-23,266.04
2021-12-24,974.0
2021-12-25,1613.0
2021-12-26,1512.38
2021-12-27,1548.0
2021-12-28,549.0
2021-12-29,713.0
2021-12-30,969.0
2021-12-31,704.0
2022-01-01,1043.47
2022-01-02,1081.0
2022-01-03,1524.8899999999999
2022-01-04,1420.39
2022-01-05,743.03
2022-01-06,1171.57
2022-01-07,1237.0
2022-01-08,1197.85
2022-01-09,1445.59
2022-01-10,1477.0
2022-01-11,1402.0
2022-01-12,843.0
2022-01-13,1357.29
2022-01-14,1149.41
2022-01-15,1012.0
2022-01-16,879.48
2022-01-17,1392.0
2022-01-18,3161.4
2022-01-19,663.0
2022-01-20,1476.0
2022-01-21,2630.63
2022-01-22,1403.0
2022-01-23,1224.05
2022-01-24,404.0
2022-01-25,1526.0
2022-01-26,1619.0
2022-01-27,1173.0
2022-01-28,1883.56
2022-01-29,1276.0
2022-01-30,1391.0
2022-01-31,1283.0
2022-02-01,1412.75
2022-02-02,640.91
2022-02-03,446.0
2022-02-04,1266.0
2022-02-05,2375.26
2022-02-06,1909.67
2022-02-07,1222.0
2022-02-08,792.97
2022-02-09,1497.2
2022-02-10,3866.08
2022-02-11,1335.0
2022-02-12,1055.0
2022-02-13,668.0
2022-02-14,1365.57
2022-02-15,769.0
2022-02-16,1035.0
2022-02-17,2776.91
2022-02-18,1529.0
2022-02-19,1056.0
2022-02-20,519.0
2022-02-21,1827.33
2022-02-22,1578.04
2022-02-23,1230.0
2022-02-24,1481.0
2022-02-25,1140.0
2022-02-26,516.0
2022-02-27,1190.0
2022-02-28,1550.0
2022-03-01,1779.63
2022-03-02,1412.0
2022-03-03,1481.0
2022-03-04,1033.0
2022-03-05,912.0
2022-03-06,1201.0
2022-03-07,1835.1
2022-03-08,1519.0
2022-03-09,1541.0
2022-03-10,959.0
2022-03-11,887.0
2022-03-12,1655.71
2022-03-13,1660.0
2022-03-14,807.66
2022-03-15,1296.0
2022-03-16,1695.0
2022-03-17,23.59
2022-03-18,3989.91
2022-03-19,1612.0
2022-03-20,2155.67
2022-03-21,1103.0
2022-03-22,1383.68
2022-03-23,1702.99
2022-03-24,837.53
2022-03-25,1517.13
2022-03-26,1526.1
2022-03-27,1055.76
2022-03-28,2974.36
2022-03-29,3055.9700000000003
2022-03-30,980.0
2022-03-31,1435.4
2022-04-01,1869.82
2022-04-02,2295.43
2022-04-03,1910.24
2022-04-04,1310.53
2022-04-05,1985.77
2022-04-06,1189.0
2022-04-07,1260.0
2022-04-08,1458.44
2022-04-09,2865.06
2022-04-10,1967.18
2022-04-11,646.0
2022-04-12,1499.0
2022-04-13,553.0
2022-04-14,1396.0
2022-04-15,1509.0
2022-04-16,1096.0
2022-04-17,1708.0
2022-04-18,1722.63
2022-04-19,1643.0
2022-04-20,1492.0
2022-04-21,1470.0
2022-04-22,497.02
2022-04-23,1408.0
2022-04-24,1922.2800000000002
2022-04-25,493.0
2022-04-26,1357.0
2022-04-27,1411.0
2022-04-28,852.0
2022-04-29,1159.17
2022-04-30,481.44
2022-05-01,1627.0
2022-05-02,2088.71
2022-05-03,103.3
2022-05-04,1311.0
2022-05-05,2396.19
2022-05-06,1511.29
2022-05-07,3557.8
2022-05-08,1845.23
2022-05-09,1620.15
2022-05-10,617.0
2022-05-11,1748.5
2022-05-12,873.0
2022-05-13,613.34
2022-05-14,1874.95
2022-05-15,831.0
2022-05-16,740.0
2022-05-17,950.0
2022-05-18,1712.0
2022-05-19,2890.59
2022-05-20,2598.62
2022-05-21,1677.0
2022-05-22,623.76
2022-05-23,937.35
2022-05-24,2273.34
2022-05-25,1485.09
2022-05-26,756.0
2022-05-27,422.0
2022-05-28,921.0
2022-05-29,1525.69
2022-05-30,1273.8899999999999
2022-05-31,376.26
2022-06-01,2943.57
2022-06-02,1523.0
2022-06-03,1201.0
2022-06-04,975.92
2022-06-05,1603.0
2022-06-06,1646.0
2022-06-07,2561.4700000000003
2022-06-08,1161.0
2022-06-09,841.0
2022-06-10,1168.0
2022-06-11,1415.0
2022-06-12,4460.6
2022-06-13,391.94
2022-06-14,1748.0
2022-06-15,915.0
2022-06-16,1439.0
2022-06-17,2460.98
2022-06-18,1980.56
2022-06-19,1310.93
2022-06-20,196.07
2022-06-21,121.67
2022-06-22,1191.0
2022-06-23,3084.0
2022-06-24,735.0
2022-06-25,980.2
2022-06-26,2166.55
2022-06-27,657.0
2022-06-28,896.0
2022-06-29,1295.0
2022-06-30,1923.32
2022-07-01,1858.46
2022-07-02,1137.72
2022-07-03,559.0
2022-07-04,1984.8200000000002
2022-07-05,687.78
2022-07-06,1938.15
2022-07-07,1251.0
2022-07-08,1089.0
2022-07-09,779.0
2022-07-10,1356.0
2022-07-11,1090.0
2022-07-12,1691.0
2022-07-13,1569.26
2022-07-14,1591.0
2022-07-15,1466.0
2022-07-16,684.0
2022-07-17,1278.21
2022-07-18,1429.09
2022-07-19,1481.91
2022-07-20,192.13
2022-07-21,796.0
2022-07-22,726.24
2022-07-23,411.0
2022-07-24,1725.0
2022-07-25,183.72
2022-07-26,1676.0
2022-07-27,2258.77
2022-07-28,1148.2
2022-07-29,898.0
2022-07-30,342.74
2022-07-31,973.62
2022-08-01,1153.0
2022-08-02,1191.67
2022-08-03,434.0
2022-08-04,671.11
2022-08-05,1126.0
2022-08-06,886.04
2022-08-07,607.87
2022-08-08,1248.0
2022-08-09,489.0
2022-08-10,1175.0
2022-08-11,1004.0
2022-08-12,963.23
2022-08-13,1369.0
2022-08-14,1421.0
2022-08-15,2694.2
2022-08-16,1924.9099999999999
2022-08-17,1906.48
2022-08-18,882.53
2022-08-19,1639.74
2022-08-20,817.0
2022-08-21,1349.23
2022-08-22,2336.96
2022-08-23,1073.39
2022-08-24,1091.85
2022-08-25,514.0
2022-08-26,1633.9
2022-08-27,1016.0
2022-08-28,341.01
2022-08-29,1933.95
2022-08-30,220.83
2022-08-31,897.1
2022-09-01,696.49
2022-09-02,1619.0
2022-09-03,1991.17
2022-09-04,1025.63
2022-09-05,1225.0
2022-09-06,1357.51
2022-09-07,1498.0
2022-09-08,812.0
2022-09-09,1128.0
2022-09-10,471.39
2022-09-11,449.0
2022-09-12,904.65
2022-09-13,1700.0
2022-09-14,1412.42
2022-09-15,1896.85
2022-09-16,1420.0
2022-09-17,1160.0
2022-09-18,1060.15
2022-09-19,1936.95
2022-09-20,1075.0
2022-09-21,1629.34
2022-09-22,856.0
2022-09-23,1838.18
2022-09-24,1319.0
2022-09-25,591.0
2022-09-26,1007.5
2022-09-27,1138.0
2022-09-28,842.3
2022-09-29,1522.0
2022-09-30,382.33
2022-10-01,1732.39
2022-10-02,281.7
2022-10-03,824.18
2022-10-04,982.51
2022-10-05,457.44
2022-10-06,1377.0
2022-10-07,1408.0
2022-10-08,1135.64
2022-10-09,495.0
2022-10-10,1103.96
2022-10-11,1062.0
2022-10-12,1088.67
2022-10-13,1097.24
2022-10-14,1613.0
2022-10-15,436.0
2022-10-16,678.0
2022-10-17,616.0
2022-10-18,1266.0
2022-10-19,2077.06
2022-10-20,533.0
2022-10-21,883.75
2022-10-22,427.66
2022-10-23,1723.49
2022-10-24,1272.0
2022-10-25,340.3
2022-10-26,1696.0
2022-10-27,461.0
2022-10-28,995.0
2022-10-29,1128.0
2022-10-30,1069.24
2022-10-31,654.07
2022-11-01,796.0
2022-11-02,1098.0
2022-11-03,1149.74
2022-11-04,279.82
2022-11-05,1838.35
2022-11-06,1442.0
2022-11-07,1405.84
2022-11-08,576.0
2022-11-09,984.02
2022-11-10,1259.35
2022-11-11,795.0
2022-11-12,844.0
2022-11-13,1270.92
2022-11-14,1726.51
2022-11-15,1739.13
2022-11-16,1656.0
2022-11-17,3166.26
2022-11-18,443.48
2022-11-19,994.48
2022-11-20,475.0
2022-11-21,682.13
2022-11-22,1578.72
2022-11-23,664.0
2022-11-24,854.0
2022-11-25,1117.0
2022-11-26,143.83
2022-11-27,1134.0
2022-11-28,888.16
2022-11-29,1250.0
2022-11-30,543.0
2022-12-01,1765.47
2022-12-02,1284.0
2022-12-03,195.75
2022-12-04,749.97
2022-12-05,977.23
2022-12-06,1492.0
2022-12-07,1522.0
2022-12-08,795.0
2022-12-09,1448.0
2022-12-10,1347.0
2022-12-11,1290.0
2022-12-12,274.07
2022-12-13,28.48
2022-12-14,1574.0
2022-12-15,1976.43
2022-12-16,960.62
2022-12-17,1567.0
2022-12-18,1464.22
2022-12-19,968.0
2022-12-20,1462.0
2022-12-21,508.0
2022-12-22,1465.0
2022-12-23,1609.0
2022-12-24,1334.0
2022-12-25,797.0
2022-12-26,1646.0
2022-12-27,1033.0
2022-12-28,771.61
2022-12-29,1556.0
2022-12-30,1286.74
2022-12-31,1065.71
2023-01-01,1586.0
2023-01-02,1638.0
2023-01-03,1132.0
2023-01-04,1259.88
2023-01-05,634.0
2023-01-06,1794.22
2023-01-07,1057.0
2023-01-08,1150.0
2023-01-09,987.0
2023-01-10,635.86
2023-01-11,1432.0
2023-01-12,1497.0
2023-01-13,1560.15
2023-01-14,1353.0
2023-01-15,418.84
2023-01-16,1498.21
2023-01-17,1569.77
2023-01-18,994.83
2023-01-19,5400.24
2023-01-20,1178.85
2023-01-21,1018.16
2023-01-22,852.91
2023-01-23,2511.04
2023-01-24,1961.68
2023-01-25,342.26
2023-01-26,891.0
2023-01-27,1209.94
2023-01-28,997.33
2023-01-29,1327.27
2023-01-30,464.52
2023-01-31,1718.79
2023-02-01,366.13
2023-02-02,1110.2
2023-02-03,456.79
2023-02-04,1312.0
2023-02-05,1676.0
2023-02-06,549.8
2023-02-07,366.9
2023-02-08,1908.62
2023-02-09,661.33
2023-02-10,1653.0
2023-02-11,1597.0
2023-02-12,744.15
2023-02-13,1481.76
2023-02-14,1591.0
2023-02-15,1187.46
2023-02-16,1467.6
2023-02-17,569.0
2023-02-18,309.63
2023-02-19,1345.0
2023-02-20,2376.14
2023-02-21,1194.0
2023-02-22,1033.0
2023-02-23,1617.0
2023-02-24,1945.39
2023-02-25,428.0
2023-02-26,922.33
2023-02-27,1588.0
2023-02-28,1015.8
2023-03-01,738.0
2023-03-02,899.0
2023-03-03,1487.17
2023-03-04,910.0
2023-03-05,2315.4300000000003
2023-03-06,1750.0
2023-03-07,280.86
2023-03-08,3180.95
2023-03-09,616.0
2023-03-10,761.54
2023-03-11,1724.0
2023-03-12,191.51
2023-03-13,870.38
2023-03-14,1555.0
2023-03-15,2045.82
2023-03-16,251.69
2023-03-17,1493.0
2023-03-18,1168.82
2023-03-19,1675.0
2023-03-20,844.0
2023-03-21,53.38
2023-03-22,1275.0
2023-03-23,1605.0
2023-03-24,1369.59
2023-03-25,566.0
2023-03-26,490.0
2023-03-27,1113.0
2023-03-28,438.0
2023-03-29,1768.01
2023-03-30,1549.0
2023-03-31,975.63
2023-04-01,3244.11
2023-04-02,572.0
2023-04-03,1052.0
2023-04-04,964.57
2023-04-05,1153.0
2023-04-06,1643.0
2023-04-07,1826.23
2023-04-08,548.17
2023-04-09,1481.0
2023-04-10,1662.62
2023-04-11,875.0
2023-04-12,855.0
2023-04-13,209.27
2023-04-14,1228.0
2023-04-15,1072.04
2023-04-16,1530.46
2023-04-17,1294.0
2023-04-18,1424.0
2023-04-19,786.0
2023-04-20,1076.5
2023-04-21,1828.82
2023-04-22,1934.03
2023-04-23,1838.83
2023-04-24,186.5
2023-04-25,175.5
2023-04-26,305.0
2023-04-27,297.0
2023-04-28,105.0
2023-04-29,10.0
2023-04-30,747.0
2023-05-01,20.0
2023-05-02,1393.26
2023-05-03,75.0
2023-05-04,20.0
2023-05-05,3167.6800000000003
2023-05-06,30.0
2023-05-07,311.54
2023-05-08,30.0
2023-05-09,20.0
2023-05-10,35.0
2023-05-11,20.0
2023-05-12,20.0
2023-05-13,70.0
2023-05-14,2634.51
2023-05-15,1966.43
2023-05-16,422.34
2023-05-17,1312.9
2023-05-18,150.0
2023-05-19,913.61
2023-05-20,3694.2200000000003
2023-05-21,259.0
2023-05-22,2434.85
2023-05-23,80.0
2023-05-24,45.0
2023-05-25,241.84
2023-05-26,589.0
2023-05-27,30.0
2023-05-28,333.69
2023-05-29,40.0
2023-05-30,20.0
2023-05-31,30.0
2023-06-01,63.27
2023-06-02,30.0
2023-06-03,722.52
2023-06-04,1411.96
2023-06-05,1293.56
2023-06-06,20.0
2023-06-07,1200.0
2023-06-08,1045.97
2023-06-09,1463.36
2023-06-10,690.02
2023-06-11,904.0
2023-06-12,20.0
2023-06-13,407.35
2023-06-14,1614.0
2023-06-15,1223.0
2023-06-16,2636.2799999999997
2023-06-17,939.69
2023-06-18,1328.0
2023-06-19,897.09
2023-06-20,1333.0
2023-06-21,534.17
2023-06-22,491.31
2023-06-23,1941.7
2023-06-24,1540.0
2023-06-25,4764.49
2023-06-26,167.12
2023-06-27,533.0
2023-06-28,457.0
2023-06-29,1084.0
2023-06-30,1009.18
2023-07-01,249.36
2023-07-02,1898.63
2023-07-03,1071.0
2023-07-04,10.0
2023-07-05,30.0
2023-07-06,411.82
2023-07-07,1853.0600000000002
2023-07-08,572.0
2023-07-09,1214.0
2023-07-10,3543.83
2023-07-11,1573.63
2023-07-12,100.0
2023-07-13,1767.01
2023-07-14,100.0
2023-07-15,3090.52
2023-07-16,682.35
2023-07-17,567.89
2023-07-18,1993.27
2023-07-19,2504.85
2023-07-20,383.99
2023-07-21,1743.48
2023-07-22,5.0
2023-07-23,1663.82
2023-07-24,20.0
2023-07-25,140.58
2023-07-26,279.94
2023-07-27,2041.32
2023-07-28,20.0
2023-07-29,120.0
2023-07-30,110.61
2023-07-31,30.0
2023-08-01,555.22
2023-08-02,470.0
2023-08-03,1572.0
2023-08-04,1304.47
2023-08-05,60.0
2023-08-06,479.0
2023-08-07,1068.4499999999998
2023-08-08,50.0
2023-08-09,1585.06
2023-08-10,565.48
2023-08-11,1750.61
2023-08-12,10.0
2023-08-13,1285.0
2023-08-14,45.0
2023-08-15,10.0
2023-08-16,1163.45
2023-08-17,1468.35
2023-08-18,40.0
2023-08-19,1636.0
2023-08-20,602.0
2023-08-21,1353.38
2023-08-22,943.41
2023-08-23,1367.62
2023-08-24,1163.0
2023-08-25,1173.13
2023-08-26,1652.0
2023-08-27,1650.0
2023-08-28,446.0
2023-08-29,1656.0
2023-08-30,3953.96
2023-08-31,1728.0
2023-09-01,3124.84
2023-09-02,1566.0
2023-09-03,1314.25
2023-09-04,3677.87
2023-09-05,1682.0
2023-09-06,10.0
2023-09-07,1843.99
2023-09-08,30.0
2023-09-09,20.0
2023-09-10,1832.38
2023-09-11,2097.75
2023-09-12,2346.66
2023-09-13,866.74
2023-09-14,2520.6
2023-09-15,332.58
2023-09-16,2309.79
2023-09-17,1055.0
2023-09-18,25.0
2023-09-19,35.0
2023-09-20,20.0
2023-09-21,2193.7799999999997
2023-09-22,20.0
2023-09-23,339.0
2023-09-24,1156.8
2023-09-25,75.0
2023-09-26,870.0
2023-09-27,60.0
2023-09-28,590.0
2023-09-29,842.75
2023-09-30,555.0
2023-10-01,1370.0
2023-10-02,1435.0
2023-10-03,49.29
2023-10-04,1946.2900000000002
2023-10-05,20.0
2023-10-06,671.06
2023-10-07,1135.0
2023-10-08,1458.39
2023-10-09,1565.03
2023-10-10,1183.0
2023-10-11,1502.73
2023-10-12,1367.0
2023-10-13,757.0
2023-10-14,430.27
2023-10-15,1948.54
2023-10-16,1371.0
2023-10-17,1265.09
2023-10-18,75.0
2023-10-19,80.0
2023-10-20,140.0
2023-10-21,50.0
2023-10-22,549.0
2023-10-23,84.0
2023-10-24,976.0
2023-10-25,530.8199999999999
2023-10-26,255.0
2023-10-27,1073.15
2023-10-28,30.0
2023-10-29,1249.37
2023-10-30,1703.0
2023-10-31,45.0
2023-11-01,579.0
2023-11-02,35.0
2023-11-03,139.0
2023-11-04,1175.0
2023-11-05,25.0
2023-11-06,35.0
2023-11-07,888.0
2023-11-08,2490.21
2023-11-09,1767.56
2023-11-10,230.0
2023-11-11,3624.29
2023-11-12,70.0
2023-11-13,135.0
2023-11-14,555.61
2023-11-15,1640.18
2023-11-16,80.0
2023-11-17,397.05
2023-11-18,489.25
2023-11-19,1067.0
2023-11-20,95.0
2023-11-21,2490.63
2023-11-22,796.52
2023-11-23,2575.6099999999997
2023-11-24,35.0
2023-11-25,820.0
2023-11-26,4682.0
2023-11-27,1632.31
2023-11-28,1898.3000000000002
2023-11-29,1322.0
2023-11-30,772.0
2023-12-01,55.0
2023-12-02,45.0
2023-12-03,1431.0
2023-12-04,155.0
2023-12-05,3029.02
2023-12-06,931.37
2023-12-07,50.0
2023-12-08,793.04
2023-12-09,488.99
2023-12-10,1735.22
2023-12-11,1555.35
2023-12-12,30.0
2023-12-13,2500.59
2023-12-14,196.87
2023-12-15,235.0
2023-12-16,745.0
2023-12-17,1545.0
2023-12-18,475.15999999999997
2023-12-19,1075.0
2023-12-20,954.13
2023-12-21,590.26
2023-12-22,2033.56
2023-12-23,2040.32
2023-12-24,44.0
2023-12-25,2518.41
2023-12-26,1770.01
2023-12-27,1209.7
2023-12-28,30.0
2023-12-29,1817.43
2023-12-30,30.0
2023-12-31,489.0
2024-01-01,650.0
2024-01-02,1301.0
2024-01-03,1097.0
2024-01-04,80.0
2024-01-05,1739.0
2024-01-06,50.0
2024-01-07,712.0
2024-01-08,320.0
2024-01-09,1691.41
2024-01-10,1601.57
2024-01-11,4232.57
2024-01-12,1550.72
2024-01-13,110.0
2024-01-14,1014.0799999999999
2024-01-15,629.46
2024-01-16,2537.79
2024-01-17,409.77
2024-01-18,131.0
2024-01-19,5775.57
2024-01-20,1448.78
2024-01-21,154.0
2024-01-22,1381.74
2024-01-23,1871.18
2024-01-24,1385.23
2024-01-25,120.0
2024-01-26,1961.24
2024-01-27,1065.78
2024-01-28,1487.4
2024-01-29,735.0
2024-01-30,1226.74
2024-01-31,548.0
2024-02-01,1727.94
2024-02-02,499.0
2024-02-03,859.0
2024-02-04,1601.0
2024-02-05,490.0
2024-02-06,440.0
2024-02-07,1968.01
2024-02-08,2147.0
2024-02-09,1143.0
2024-02-10,4793.860000000001
2024-02-11,130.0
2024-02-12,45.0
2024-02-13,80.0
2024-02-14,1585.22
2024-02-15,35.0
2024-02-16,70.0
2024-02-17,450.0
2024-02-18,530.0
2024-02-19,169.48000000000002
2024-02-20,89.0
2024-02-21,3024.82
2024-02-22,2234.41
2024-02-23,1658.01
2024-02-24,2747.12
2024-02-25,238.3
2024-02-26,400.0
2024-02-27,4762.08
2024-02-28,917.89
2024-02-29,1068.16
2024-03-01,130.0
2024-03-02,1928.48
2024-03-03,557.26
2024-03-04,195.0
2024-03-05,727.42
2024-03-06,3711.95
2024-03-07,1493.93
2024-03-08,224.17
2024-03-09,210.0
2024-03-10,939.0
2024-03-11,30.0
2024-03-12,330.0
2024-03-13,1860.86
2024-03-14,105.0
2024-03-15,1433.13
2024-03-16,815.11
2024-03-17,1131.0
2024-03-18,35.0
2024-03-19,785.0
2024-03-20,1268.0
2024-03-21,1189.0
2024-03-22,155.0
2024-03-23,440.0
2024-03-24,1139.0
2024-03-25,90.0
2024-03-26,1464.76
2024-03-27,70.0
2024-03-28,1567.07
2024-03-29,919.01
2024-03-30,2549.2799999999997
2024-03-31,195.0
2024-04-01,409.0
2024-04-02,150.0
2024-04-03,1965.67
2024-04-04,175.0
2024-04-05,434.84
2024-04-06,325.24
2024-04-07,280.0
2024-04-08,661.34
2024-04-09,761.6600000000001
2024-04-10,606.71
2024-04-11,588.4
2024-04-12,90.0
2024-04-13,901.0
2024-04-14,30.0
2024-04-15,766.32
2024-04-16,1983.56
2024-04-17,2276.46
2024-04-18,205.0
2024-04-19,80.0
2024-04-20,1019.63
2024-04-21,1672.28
2024-04-22,2480.8199999999997
2024-04-23,885.0
2024-04-24,909.0
2024-04-25,1671.79
2024-04-26,2966.62
2024-04-27,670.0
2024-04-28,530.0
2024-04-29,90.0
2024-04-30,170.0
2024-05-01,315.0
2024-05-02,1876.58
2024-05-03,2044.06
2024-05-04,3344.8199999999997
2024-05-05,276.42
2024-05-06,320.0
2024-05-07,200.0
2024-05-08,170.0
2024-05-09,50.0
2024-05-10,130.0
2024-05-11,1358.0
2024-05-12,30.0
2024-05-13,1568.0
2024-05-14,899.6
2024-05-15,2127.48
2024-05-16,30.0
2024-05-17,1546.84
2024-05-18,1624.0
2024-05-19,14.0
2024-05-20,95.0
2024-05-21,924.8199999999999
2024-05-22,1474.48
2024-05-23,120.44
2024-05-24,645.0
2024-05-25,305.09000000000003
2024-05-26,1614.49
2024-05-27,1556.72
2024-05-28,245.0
2024-05-29,65.0
2024-05-30,190.0
2024-05-31,2070.44
2024-06-01,1671.4
2024-06-02,1797.71
2024-06-03,1527.58
2024-06-04,1178.85
2024-06-05,759.0
2024-06-06,1008.66
2024-06-07,790.0
2024-06-08,1328.0
2024-06-09,1197.88
2024-06-10,30.0
2024-06-11,10.0
2024-06-12,1325.61
2024-06-13,2815.06
2024-06-14,254.67000000000002
2024-06-15,500.0
2024-06-16,3152.69
2024-06-17,550.0
2024-06-18,860.0
2024-06-19,20.0
2024-06-20,279.0
2024-06-21,3000.95
2024-06-22,1895.04
2024-06-23,6608.35
2024-06-24,20.0
2024-06-25,1131.0
2024-06-26,220.0
2024-06-27,1412.0
2024-06-28,45.0
2024-06-29,516.9
2024-06-30,580.0
2024-07-01,814.0
2024-07-02,120.0
2024-07-03,399.0
2024-07-04,1151.0
2024-07-05,1324.0
2024-07-06,1654.76
2024-07-07,4734.13
2024-07-08,1308.0
2024-07-09,1676.0
2024-07-10,80.0
2024-07-11,789.0
2024-07-12,300.0
2024-07-13,2447.18
2024-07-14,261.0
2024-07-15,1282.0
2024-07-16,1581.22
2024-07-17,655.0
2024-07-18,1108.0
2024-07-19,849.0
2024-07-20,936.72
2024-07-21,1821.07
2024-07-22,409.0
2024-07-23,1223.0
2024-07-24,1197.0
2024-07-25,823.6
2024-07-26,3081.73
2024-07-27,3777.12
2024-07-28,1108.27
2024-07-29,3544.27
2024-07-30,2386.01
2024-07-31,322.0
2024-08-01,2103.74
2024-08-02,3253.76
2024-08-03,1281.1
2024-08-04,500.0
2024-08-05,1665.0
2024-08-06,1674.0
2024-08-07,200.0
2024-08-08,1234.23
2024-08-09,496.12
2024-08-10,40.0
2024-08-11,45.0
2024-08-12,1276.0
2024-08-13,1428.0
2024-08-14,3592.19
2024-08-15,701.48
2024-08-16,1542.0
2024-08-17,1415.0
2024-08-18,773.0
2024-08-19,1488.0
2024-08-20,545.0
2024-08-21,623.0
2024-08-22,1216.66
2024-08-23,1662.0
2024-08-24,576.0
2024-08-25,1703.94
2024-08-26,1252.0
2024-08-27,2933.67
2024-08-28,3606.48
2024-08-29,1705.0
2024-08-30,1602.32
2024-08-31,462.0
2024-09-01,1037.84
2024-09-02,1640.0
2024-09-03,1226.0
2024-09-04,1194.0
2024-09-05,2837.96
2024-09-06,1003.01
2024-09-07,1088.0
2024-09-08,1671.53
2024-09-09,504.0
2024-09-10,320.43
2024-09-11,1522.0
2024-09-12,910.0
2024-09-13,784.0
2024-09-14,804.0
2024-09-15,1697.54
2024-09-16,989.76
2024-09-17,1906.23
2024-09-18,1879.91
2024-09-19,1222.0
2024-09-20,917.0
2024-09-21,875.0
2024-09-22,919.82
2024-09-23,1108.0
2024-09-24,1351.47
2024-09-25,657.62
2024-09-26,1330.41
2024-09-27,1780.41
2024-09-28,1170.0
2024-09-29,1446.0
2024-09-30,1396.0
2024-10-01,566.46
2024-10-02,2010.3000000000002
2024-10-03,951.24
2024-10-04,1076.0
2024-10-05,1113.0
2024-10-06,482.0
2024-10-07,802.82
2024-10-08,438.78
2024-10-09,905.21
2024-10-10,1421.85
2024-10-11,1736.06
2024-10-12,1157.94
2024-10-13,1568.0
2024-10-14,1508.0
2024-10-15,1958.95
2024-10-16,1501.0
2024-10-17,3130.02
2024-10-18,932.87
2024-10-19,2550.99
2024-10-20,856.0
2024-10-21,2022.7400000000002
2024-10-22,400.0
2024-10-23,1564.14
2024-10-24,833.84
2024-10-25,450.0
2024-10-26,1084.0
2024-10-27,1116.0
2024-10-28,848.0
2024-10-29,1280.0
2024-10-30,887.0
2024-10-31,433.0
2024-11-01,1881.47
2024-11-02,429.04
2024-11-03,199.42
2024-11-04,494.0
2024-11-05,1495.0
2024-11-06,553.0
2024-11-07,649.0
2024-11-08,1073.0
2024-11-09,837.0
2024-11-10,517.0
2024-11-11,1529.9399999999998
2024-11-12,466.42
2024-11-13,3206.91
2024-11-14,1101.61
2024-11-15,1170.0
2024-11-16,1051.69
2024-11-17,4260.42
2024-11-18,2072.9900000000002
2024-11-19,606.22
2024-11-20,1583.3
2024-11-21,1729.0
2024-11-22,795.56
2024-11-23,667.0
2024-11-24,2258.45
2024-11-25,665.5799999999999
2024-11-26,1477.0
2024-11-27,635.0
2024-11-28,788.0
2024-11-29,1389.0
2024-11-30,1456.94
2024-12-01,1162.0
2024-12-02,39.3
2024-12-03,800.0
2024-12-04,1023.0
2024-12-05,630.04
2024-12-06,932.73
2024-12-07,1166.0
2024-12-08,1726.0
2024-12-09,169.64
2024-12-10,1318.0
2024-12-11,121.52
2024-12-12,1090.95
2024-12-13,1630.0
2024-12-14,1652.0
2024-12-15,1949.45
2024-12-16,1544.74
2024-12-17,1252.0
2024-12-18,977.0
2024-12-19,1453.44
2024-12-20,474.0
2024-12-21,784.35
2024-12-22,834.0
2024-12-23,325.64
2024-12-24,502.0
2024-12-25,1163.0
2024-12-26,1137.0
2024-12-27,1205.0
2024-12-28,1241.3400000000001
2024-12-29,655.78
